name,age,street,city,state,zip,lng,lat
Paul Blake,59,5997 Brooke Fall Suite 431,Martinezview,Alaska,56291,-124.890396,-72.6626645
Michele Sparks,25,341 Robert Road Apt. 391,West Joshuaburgh,Ohio,22272,105.276738,-18.6594755
Marcus Williams,79,7771 Mccann Route,West Raymond,Nevada,62209,-157.482064,39.809945
Brian Roth,61,77434 Paul Valley Apt. 544,Cuevasmouth,Vermont,90896,-132.806027,15.577752
Kristopher Vega,47,7706 Christy Crest Apt. 778,Mackville,Idaho,34027,49.753220,6.670694
Vicki Walker,75,2038 Jones Junction,North Colleen,Maine,12304,-150.366742,87.8529255
Scott Walker,74,11848 Jones Circles Suite 974,East Trevor,Alabama,99652,-76.704425,-26.4462375
Mrs. Renee Farmer,78,9718 Mike Track Suite 138,Smithborough,Colorado,48315,30.387378,76.9235895
Tyler Wise,25,526 Danielle Vista Suite 257,Davismouth,Minnesota,89680,120.656946,70.3159125
Anthony Baird,27,8836 Ward Key,West Deanland,New York,77093,-99.643061,15.480032
Gina Ramirez,67,9159 Hall Road,Woodburgh,Rhode Island,59910,-148.810445,-37.822057
Eric Taylor,24,99121 Gregory Parkways Suite 183,Carterfort,West Virginia,44694,108.197667,2.7405615
Michael Shepherd,51,1239 Anthony Villages Suite 720,South Kennethborough,Florida,08486,46.399117,59.0691065
Mckenzie Hernandez,51,3300 Johnson Ranch Suite 505,Kingport,Oklahoma,43078,-154.315455,65.6708045
Caitlin Stevens,50,7462 Lawrence Lodge Apt. 264,Brownchester,Nebraska,73259,-77.044166,75.016598
Rebecca Simmons,51,89470 Johnny Fields Apt. 244,Larryfurt,Mississippi,84143,-29.579099,-80.4085665
Dr. Michael Marshall DDS,47,62196 Tasha Place Apt. 528,Johnsonshire,California,94567,-150.096998,-62.063651
Jason Harmon,64,6379 Andrews Vista,Lake Michaeltown,Virginia,38088,-173.829666,75.5287885
Tyler Mercado,80,62114 Nguyen Valleys Suite 980,Anthonyberg,Kansas,75491,-56.960399,-18.014187
Dana Figueroa,69,417 Sarah Parkway Apt. 865,Justinmouth,Ohio,31396,-100.385272,13.366810
Shannon Sutton,77,3411 Taylor Knoll,Joeville,Ohio,69636,137.682673,56.6691835
Heather Munoz,76,756 Johnson Mountains,Port Rhonda,Georgia,51064,1.282005,-13.466677
Robert Sanchez,45,1235 Krystal Fords,Grayton,Virginia,16379,-58.689668,85.751151
Corey Dougherty,68,1845 Sandra Rapid,Gomezton,Minnesota,01740,47.243025,64.2783435
Daniel Miller,22,052 Delgado Views Suite 763,West Dwayne,Hawaii,41166,51.655859,34.514158
Lauren Huber,49,9487 Danielle Orchard,Tracystad,Maine,70179,26.962167,37.391816
Claire Richardson,25,29643 Wade Parks,Rebeccaborough,Wisconsin,45274,-23.089152,-63.3189075
Jennifer Mclaughlin,43,98567 Miller Expressway Apt. 996,Lopezhaven,Delaware,44325,107.934250,-79.934839
Sabrina Garcia,46,4889 Malone Lodge Apt. 603,Hernandezfort,West Virginia,71597,-96.084209,29.2777655
Lauren Singh,51,324 Jose Field,North Miguelborough,New Mexico,64012,172.996248,-58.422856
Mary Morgan,43,51362 Maria Ways,Jaredfort,New York,53296,104.964118,68.5639755
Kristen Clark,74,879 Tucker Course,North Danielhaven,South Carolina,09397,18.705162,9.8872955
Kayla Frazier,28,892 Simmons Cliffs,Lake Nicole,Virginia,02732,-132.017901,53.6174155
Patricia Davis,74,964 Debbie Land,Navarrofort,Missouri,04349,54.960925,25.7389185
Cory Mendoza,78,679 Carla Drive,New Amy,Arizona,30984,-159.691103,82.3651215
Tracy Contreras,61,13203 Leslie River Apt. 380,North Tamaramouth,Idaho,30304,161.330842,-33.1676645
Janet West,42,95046 Emily Plaza Suite 996,Sanchezchester,South Dakota,52561,37.043136,67.7524575
Kerry Moore,69,652 Linda Turnpike,Port Rita,Connecticut,46670,-37.079377,-64.6333095
Robert Mason,24,7654 Harvey Passage Apt. 343,East Douglas,North Carolina,18270,83.050541,-14.1365815
Adam Washington MD,73,53827 Alvarado Pine,Davidchester,South Dakota,43072,-147.361347,-59.145172
Melanie Coleman,63,799 Kathleen Trail,Martinstad,Tennessee,24392,-42.712236,-64.286183
Kristen Baker,24,756 Mendez Drives,North Emily,Arkansas,52968,-67.292057,85.9307815
Daniel King,53,3080 William Hollow,West Brendaberg,Indiana,56678,-109.905258,-42.7192295
Rebecca Hart,62,43650 Nathaniel Brooks Suite 686,East Jonathanfort,New Hampshire,62601,-125.314012,6.0808445
Heather Jordan,78,092 Collins Ports Apt. 280,Dianestad,Wyoming,05940,-74.162341,-61.766861
Nicholas Foster,63,586 Jill Courts,Ashleemouth,Kentucky,58628,46.563239,-38.2878795
Christopher Burns,28,463 Timothy Roads,Samanthafurt,Idaho,91099,-107.309859,-56.3465005
Ian Huynh,42,9215 Harrison Fort,West Gregory,Maine,28725,177.728161,77.7886355
Terri Sandoval,25,2972 Davis Dale Apt. 992,New Jo,Arkansas,15944,23.067495,69.425964
Shannon Carroll,60,710 Alyssa Divide Apt. 957,Melissaton,North Carolina,94022,90.039170,-36.2259395
Kylie Webb,74,35921 Jeremy Pine Suite 010,Lake Chris,Wyoming,78214,-163.774379,1.066132
Stephanie Evans,46,27477 Veronica Canyon,Averyside,North Dakota,76027,18.108888,-20.0359075
Heather Hubbard,22,55641 Sanders Groves,New Ashley,Minnesota,85965,79.828281,-48.792130
Crystal Young,38,9927 Juarez Knolls Suite 450,Craigton,Kentucky,75999,52.863586,-3.0292815
Andrew Dawson,30,174 Carr Crescent Apt. 924,Herreraton,New Jersey,11943,136.208873,-65.115609
Brian Crane,36,5126 Stein Lane,Loganmouth,Michigan,80210,37.083399,6.2294565
Christian Davis,63,55069 Pierce Junctions Apt. 683,South Hannah,Texas,95206,61.445981,22.130061
Paul Foster,75,060 Stephen Mountain,Port Evanhaven,Kentucky,08294,134.945461,68.8777855
Paula Bush,66,16439 George Land,New Adamstad,New Mexico,59914,-157.482598,-43.123386
Lisa Mckay,70,723 Ferguson Squares Suite 787,Warnershire,Hawaii,35243,15.499254,-77.031593
Jeffrey Barnes,55,944 Cynthia Dale Suite 309,Davidtown,Rhode Island,37134,137.681896,-64.549685
Susan Wood,33,54926 Brett Light,North Joytown,Oregon,26783,146.541481,48.2451785
Tony Sanders,43,8670 Johnson Fields,Smithside,Utah,39757,137.709787,-15.6402395
Samantha Mason,78,982 Hill Cape Suite 927,Liustad,Mississippi,96910,51.251595,50.220053
Cheryl Juarez,80,1910 Guzman Forge,Griffithchester,Montana,74340,145.818520,-26.862424
Julie Bowers MD,77,61494 Phillip Roads,South Ryan,Tennessee,63480,138.830156,75.700159
Kimberly Blair,22,9032 Pollard Plaza Suite 588,East Megan,North Carolina,08801,76.258979,-66.203723
Natalie Young,27,89280 Kevin Meadows Apt. 482,North Daniel,Oregon,39100,19.808904,75.909819
Brandon Williams,63,883 Jackson Ways Suite 519,Reyesberg,Maryland,63196,42.076450,42.9849675
Sarah Benjamin,23,655 Joshua Extensions Apt. 808,South Wandastad,Michigan,68539,-24.142682,-34.4234835
Alejandro Sexton,56,5458 Gregory Passage Suite 383,Guzmanhaven,Kentucky,84672,-156.099382,-33.4469845
Peggy Jones,30,256 Lambert Ways Suite 587,West Jocelyn,South Dakota,50705,-109.203476,74.7019365
Diana Price,44,6668 Price Lights Suite 316,Davidfurt,Illinois,18113,-40.574241,-59.935696
Jennifer Morrison,40,438 Danielle Corners Apt. 668,South John,Ohio,30529,166.588117,89.787452
Glenn Patel,41,5585 Young Loop Suite 312,New Michelle,Louisiana,94766,50.332338,-31.4735155
April Hall,26,789 Jeffrey Forks Apt. 102,Ramireztown,Washington,97924,123.847836,-75.4864775
Frank English,72,2914 Cox Points Apt. 375,Smithborough,West Virginia,26906,-104.711446,56.2728275
John Green,63,5556 Richards Squares,Williamland,Ohio,68135,-168.190332,62.927514
Christopher Little,43,2494 Miller Lakes Apt. 055,North Christinaville,Wisconsin,45960,-172.937056,-58.0870295
Robert Cooper,51,3492 Stephen Avenue,Gillshire,Missouri,85122,117.284474,54.532153
Shane Oneill,68,702 Kevin Crossing Suite 915,New Jamesmouth,North Carolina,03930,176.191400,60.8267975
Katherine Martinez,66,762 Graham Garden Apt. 823,Collinsmouth,Iowa,87322,19.074690,58.9340245
Brittany Jones,32,10599 Parrish Turnpike Apt. 182,Virginiashire,Illinois,79515,35.935567,-38.690682
Michael Williams,24,259 Gould Prairie,New Josephbury,Virginia,11132,60.070528,-26.406103
Christopher Cook,63,67398 Jacobs Dam,Crystalburgh,Massachusetts,68488,-119.882210,-86.730466
Christopher Lopez,48,31318 Rebecca Shoals,West Ellenmouth,Maine,02409,-165.439453,-53.317142
Cheyenne Leonard,77,2862 Greene Mission Suite 507,Lake Jennifer,Oregon,78928,97.060301,-19.3732255
Elizabeth Davis,31,848 Long Inlet,Port Danielside,Virginia,78801,-19.459610,-51.746804
Peter Mcdaniel,42,727 Michelle Cape Apt. 881,Wrightchester,Michigan,86039,42.631390,84.944125
Michelle Patton,62,865 Tiffany Pass Suite 716,Ashleyshire,Colorado,89725,58.903133,-30.6201585
Chelsea Johnson,34,3040 Meadows Highway,Barbarachester,New Hampshire,32509,-135.689397,-56.2421775
Kevin Henry MD,25,301 White Expressway,Amberstad,Florida,04631,-176.320624,78.947247
Nicole Bauer,64,56646 Webb Meadow,Lake Calvinfurt,Nebraska,09751,55.061336,-11.1934365
Elizabeth Anderson,63,0168 William Harbors,Pachecoport,Arkansas,87211,0.315406,-26.224631
Sherry Bowman,19,94304 Shawn Corners Apt. 966,Caseyfurt,North Carolina,73563,65.351466,-62.5231875
William Rios,56,25295 Moody Cove,Port Derek,West Virginia,39937,-2.739536,4.7679685
Jose Mason,80,56671 Brad Fields,Thompsonburgh,New Mexico,32948,-162.006737,59.5545465
Karen Brown,49,63944 Burns Summit Suite 021,Perezville,Texas,11179,71.163508,50.638021
Daniel Green,38,749 Jason Drive Suite 646,New Danielle,South Dakota,96889,-33.458403,59.320964
Steven Bennett,33,2830 Salas Junctions,Reyesfort,Vermont,60157,168.694086,-80.811464
Brian Rogers,59,60751 Penny Street Suite 158,North Brianna,Wyoming,59426,-106.313558,-14.8219915
Alicia Nelson,24,55513 Smith Fields Apt. 112,South Cody,Tennessee,56672,-46.888183,47.502078
Jamie Young,52,5532 Kayla Drives Suite 773,Perezstad,New Mexico,53712,-129.962655,-63.7377045
Ronald Daniels,45,08902 David Court Suite 837,Millerbury,Washington,11104,-12.302300,2.3047215
Phyllis Ellison,63,91209 Marquez Tunnel Apt. 851,Gutierrezland,Missouri,59504,173.102303,-10.162238
Jason Mueller,38,56023 Simmons Cape Apt. 397,Howardville,Hawaii,08904,-25.463635,36.822268
Brendan Patterson,34,680 Gonzales Parkways,South Corey,California,13647,-27.588329,-71.4343885
Jeremy Thomas,73,906 Brown Field Suite 048,Robertfurt,North Carolina,37604,-135.612060,-49.825862
Alicia Gallagher,40,35015 Russo Roads Apt. 910,Powellville,Arizona,35656,-13.790343,-70.693120
Vanessa Robles,63,7415 Heather Port,New Jay,Connecticut,99501,29.003099,2.8599495
Taylor Perez,26,54764 Robert Shoals,Joneschester,Idaho,80892,-175.997668,53.5313925
Cory Rios,25,458 Sharon Square,West David,Alaska,69434,-26.163761,-13.126573
Alicia Vasquez,30,14696 Joseph Plains,Port Tracy,Massachusetts,24725,126.492886,-45.6958375
Wesley Bird,43,600 Savannah Pines,Johnsonberg,South Carolina,05588,40.937449,47.1294445
Marissa Banks,71,51433 Scott Forks Suite 891,South Patricialand,Tennessee,91660,78.148451,1.855652
Margaret Mcguire DVM,31,842 Lewis Ramp Apt. 185,Silvatown,Nebraska,11598,149.537728,71.4168895
Elizabeth Jenkins,45,74242 Melanie Causeway Apt. 464,Danielville,Illinois,02841,22.685852,59.031824
Robert Cruz,31,920 Joshua Branch Apt. 609,Derekberg,Arkansas,41162,60.512100,-3.942320
Allison Bowman,62,009 Miller Shore,Johnsonport,Maryland,52791,92.689794,-43.1124205
Stephen Cox,76,2248 Richard Ridges Apt. 614,Aguirrefurt,Washington,39631,-177.394131,12.483436
Penny Ballard,47,88922 Gregory Springs Suite 675,Jamesfort,Kentucky,55810,92.337070,66.6517605
Steven Frazier,69,14739 Bill Rue,Hendricksport,Alaska,76888,84.070001,88.392998
Michael Suarez,29,98113 Diane Pike,North Lisa,Connecticut,77085,-91.082134,-89.473171
Christopher Romero,47,195 Williams Rapids,Eddiefurt,Tennessee,73174,83.325622,58.2847825
Aaron Parks,78,2156 Preston Pike,New Matthew,Michigan,89929,-40.103868,52.1792215
Daniel Lloyd,19,13819 Jessica Street,Frederickland,Wyoming,81711,-136.216284,-85.9089525
Nicholas Mayo,60,694 Simpson Field Apt. 540,Gillespieburgh,Colorado,07370,-74.256043,80.9909855
Kevin Robertson,71,088 Myers Streets Suite 401,West Kevinstad,Wyoming,51941,-58.379215,-62.696290
Mark Stone,26,01090 Beck Underpass,Acostamouth,Connecticut,90628,172.979983,-11.1614645
Whitney Schroeder,29,09713 Rojas Extensions,Mitchellmouth,Illinois,13550,165.392272,41.1370835
Sarah Kelly,40,59103 Anita Views,South Matthewmouth,Idaho,43126,-22.961420,-26.5275105
Robin Savage,74,780 Nichols Court Apt. 979,Rossview,North Carolina,95610,39.445240,-24.0008365
Jennifer Daniels,73,29018 Rodriguez Road,New Derrick,South Carolina,32367,5.816470,22.5457565
Ashley Smith,43,296 Richardson Shoals Apt. 897,Berrymouth,Kansas,79023,50.530693,3.9039155
Jennifer Gardner,28,9562 Duffy Bridge Apt. 268,Lake Deborahland,South Dakota,61003,77.034257,-50.2658875
David Hernandez MD,73,595 Joanna Pike Suite 775,Martinezstad,Delaware,22722,-50.321309,39.601956
Katherine Williams,41,98694 Powell Mill,Lake Jeffery,Illinois,17726,105.169116,-38.2066875
Teresa Snyder,27,65473 Dylan Haven,Toniberg,North Dakota,30282,-31.866809,-87.312856
Anthony Lopez,57,2777 Jessica Squares,East Nancy,Arizona,09076,80.312043,35.7896455
Edward Oneal,49,138 Kevin Fords Apt. 624,Lake Christinemouth,Arkansas,35841,-132.547267,-19.4316865
Miguel Rose,60,9312 Jones Drive,Laurahaven,Michigan,32648,153.995141,44.413731
Charles Dalton,42,806 Charles Turnpike,Erinhaven,Kentucky,89812,-132.093526,29.7695655
Gene Norman,55,8428 Henderson Ferry,Kennedyport,California,66645,-66.590634,-46.320500
Susan Moses,31,870 Clarke Plaza,Byrdbury,South Dakota,91697,-18.237458,25.5100895
Randall Mcmahon,46,20379 Mathews Summit,Goodbury,Virginia,92065,89.123645,70.450478
Jack Hicks,50,83085 Spencer Point,New Heather,Georgia,60548,83.654751,-68.4867315
Julia Hess,34,623 Sarah Square,South Travis,Hawaii,99397,-106.885082,-15.600874
Jeffrey Little,32,250 Krause Flat,West Williamside,Colorado,10378,39.823045,36.686551
Amanda Wood,61,4880 Wallace Mount Apt. 233,Erikport,Massachusetts,56499,21.793215,-8.4673025
Elizabeth Novak,29,61600 Hayes Place Apt. 266,West Lauraton,Kansas,91729,42.885134,-50.173353
Angie Moran,56,180 Spence Isle,West Christinaville,North Dakota,13081,67.869234,68.6431025
Dale Martinez,62,689 Bailey Locks Apt. 826,Antonioberg,Minnesota,24241,116.597376,-29.0805115
Ryan Burns,43,939 Jonathan Mill Apt. 937,Richardsonmouth,New Jersey,75626,-35.754492,-56.3483675
John Robertson,51,24660 Mark Way Apt. 849,Juliefurt,Ohio,97179,27.096251,-20.7146605
Randy Wells,21,18676 Le Roads Suite 127,Amandaville,California,12697,31.569425,-57.184901
Benjamin Hernandez,67,08125 Cindy Glen Apt. 849,Port Samuel,Utah,04472,-66.611752,87.8856765
Dale Smith,37,66845 Thompson Lock Apt. 505,Ayersside,Alaska,61861,138.386436,60.265105
Kathryn Myers,41,645 Brett Falls,New Susantown,New Hampshire,05283,10.693193,56.052487
Carmen Smith,52,6493 Davis Lake Apt. 569,Morganmouth,Nebraska,35627,-95.443157,67.1115295
Stephanie Warren,69,78375 West Orchard Apt. 795,Erinport,New Jersey,93572,-36.151544,-64.7438845
Evan Cohen,33,87506 Fernandez Street,Glennstad,California,71140,-136.111377,-34.949802
Anthony Kelly,73,8809 Alex Land Apt. 069,Leonardton,West Virginia,55960,-121.116664,-45.134474
Terri Alvarado,22,040 Michael Fords,Port Gilbertborough,Wisconsin,51600,-179.362357,58.493197
Joshua Terry,40,140 Taylor Park,New Jeffreyland,Connecticut,48726,-13.609356,-36.360174
Kevin Fernandez,74,45311 Simmons Shoal Apt. 682,West Lisaborough,Massachusetts,34446,-135.734907,-53.6043055
Nancy Williams,37,0040 Roth Turnpike,Port Samanthabury,Pennsylvania,47169,-173.389755,65.402550
Tiffany Stark,21,08125 Simpson Road Apt. 484,East Thomaschester,Wisconsin,44002,-97.596357,-23.691254
Theresa Leonard,68,7393 Clark Ports Apt. 736,Brianfurt,Missouri,59690,-48.393596,-89.505071
Joshua Reed,67,13958 Shannon Mills,Hollyburgh,Wisconsin,62232,73.556507,-31.2356565
Eugene Miller,37,730 Omar Spurs Suite 947,New Leslie,Oklahoma,30011,6.221537,-4.927469
Angela Cook,27,8405 Simmons Port,Lutzborough,Missouri,42641,-50.443335,-48.683010
Christopher Beck,49,42199 Krystal Path,Martinshire,North Carolina,57130,57.953334,-77.774226
Cindy Collins DDS,53,63912 Duncan Gardens Apt. 992,Keithton,Michigan,37369,-148.939846,29.4725995
Emily Morris,54,67630 Edwards Club,Gordonstad,Alabama,45590,-128.486749,69.841848
Evelyn Shelton DVM,77,3563 Sweeney Road Suite 362,Myersville,Colorado,12993,29.521094,24.0513105
Bobby Crawford,36,2940 Evans Land,Dominiqueville,Maine,81387,-94.119166,-6.5014145
Manuel Austin,24,9991 Lee Lakes Suite 097,Lake Kerryfort,Wyoming,59352,111.610549,38.866386
Donald Cervantes,66,44294 Christian Views,Mcdanielville,Maryland,50265,134.051187,54.4770765
Brian Vincent,77,8611 Hall Drive Suite 639,North Sandramouth,Missouri,28185,-90.661493,-33.5676245
Julie Webb,77,2665 Paul Knoll Apt. 966,Matthewmouth,Mississippi,70450,-178.178333,87.7533985
Steven Flores,40,198 Campbell Plaza,New Amy,Wisconsin,13369,-46.222543,-88.994367
Shirley Walker,75,43785 Steven Burgs Suite 089,Johnnyfurt,Indiana,41952,116.827670,9.3762655
Lisa Ross,19,9898 Dominique Loaf Apt. 332,Erikastad,Wyoming,85986,-1.631245,-8.515573
Peter Hartman,31,4341 Kenneth Knoll Suite 345,Moorestad,Hawaii,42711,-54.777300,77.398997
William Garrett,24,71532 Jennifer Track Apt. 725,Janetberg,Arkansas,34657,49.687547,-68.9090955
Kyle Odom,54,519 Silva Plains Suite 012,North Carly,Illinois,55267,-102.270686,8.7044165
Nathaniel Singh,28,717 Rivas Island Suite 020,Joannaview,New Jersey,55372,92.798213,25.7640745
Michael Cantu,46,947 Margaret Inlet,East Grantburgh,Nevada,64463,-13.525353,-6.427278
Sharon Hill,48,944 Joshua Station,West Amandaborough,Oklahoma,92138,18.236950,-58.907212
David Ellis,25,0659 Patrick Locks,Clarkbury,Oregon,77794,45.253754,-20.1174905
Bryan Hobbs,60,809 Hanson Trafficway,New Patrick,North Dakota,46939,-103.042082,31.7792125
Michael Smith,50,252 Jeffrey Squares Suite 866,North Patriciashire,West Virginia,65935,165.102681,-37.7311165
Kendra Nelson,39,5420 Rebecca Alley,Ritafort,North Dakota,09910,-174.363956,27.0152115
Eric Hill,32,239 Salazar Throughway Apt. 518,Kennethburgh,Utah,64763,96.620320,34.141980
Heather Mcguire,61,963 Brian Cape,Ryanburgh,Michigan,76837,28.839467,-72.8125105
Kristin Rivera,69,8895 Smith Cliffs,North Kristenview,Maryland,13420,-69.100835,42.190082
Morgan Bailey,64,74515 Howard Drives,Davenportborough,Minnesota,84587,117.498363,56.3948775
Janet Henson,47,26067 Key Plaza,West Ericton,Maine,71245,-55.795763,-37.9423505
Darren Williams,59,62412 Coleman Terrace,Port Petertown,Wisconsin,81472,-2.845010,88.383926
Jacob Gomez,23,126 Pitts View,West Patricia,Delaware,11564,-38.535817,86.7667945
Gregory Kelly,72,318 Frederick Place Apt. 822,South Travisborough,South Dakota,33629,-7.834796,-14.4860515
Robert Mcknight,47,7716 Michael Station Suite 771,New Margaret,Montana,57891,105.030691,63.519114
Madison Smith,56,302 Regina Dale Suite 879,Watersborough,South Dakota,94435,117.796699,-37.087659
Brooke Snyder,41,10504 Timothy Village Apt. 917,Singhshire,Vermont,14500,-107.006288,-43.639772
James Brewer,24,0088 Middleton Street Suite 801,Ashleymouth,Idaho,36823,-155.369488,-40.6360365
Cheryl Brown,32,612 Brittany Turnpike Suite 491,North Joshuaville,Kansas,90793,-99.426418,-64.2730745
John Colon,40,49348 Charles Heights,Grantbury,Connecticut,83647,55.606411,-85.169618
Calvin Brooks,59,17697 Daniel Locks,New Kelly,Utah,81574,-55.062467,-2.9946195
Amy Erickson,27,109 Patrick Centers Apt. 196,South Elizabethville,Georgia,91654,12.314871,-19.2677335
Jillian Hernandez,54,110 Herrera Views,South Michael,Wisconsin,10041,132.857957,-70.4271815
Michelle Gonzalez,61,209 Miles Run Apt. 516,Juliechester,Iowa,88371,-171.810953,-81.031123
Ivan Anderson,54,47642 William Summit Suite 049,Territon,New Jersey,77218,-146.614136,-5.3707965
James Hughes,78,77711 Robert Tunnel Suite 683,Pageshire,Mississippi,03038,-43.220235,-62.6087855
Dustin Perez,33,507 Shelley Meadow Suite 729,New Jessicaland,Florida,65512,64.943144,80.804366
Paige Parrish,56,37003 Diane Villages Apt. 759,Johnview,South Carolina,23563,149.999809,60.348226
Mark Dennis DDS,43,087 Sonya Forge Apt. 669,Ianstad,Minnesota,85579,-121.768782,28.9218155
Mrs. Michelle French,78,1335 Edwin Village Apt. 341,Lake Michael,Idaho,00512,-64.944859,22.065435
Tammy Griffith,40,8550 Peter Extension,Alvarezfurt,Oklahoma,27686,-109.618674,-58.550017
Sandra Adams DDS,59,455 Denise Plain,Lake Lisa,Oklahoma,92137,-38.549688,-59.7567655
Megan White,28,932 Stephanie Crest,Perezmouth,North Carolina,81065,-62.035833,41.587037
Alice Ward,41,2066 Eric Crescent,Carolynburgh,Georgia,65823,106.192597,39.0809485
Lisa Hughes,66,231 Johnson Crossing Apt. 040,Ericaton,New Jersey,82487,112.332964,73.6364255
Caroline Ibarra,28,92481 Ward Passage,Port Kevinmouth,Wyoming,25938,-75.776509,-79.074073
Danny Matthews,48,48930 Taylor Ramp,Lake Allison,Illinois,25967,-177.999126,-65.388799
Nathan Howard,48,0152 Gonzales Expressway Suite 752,New Mark,Nevada,02412,-68.056643,87.4976025
Melissa Gomez,59,81389 Quinn Course Apt. 755,North Johnburgh,Washington,27215,-44.194768,-6.8374565
Jacob Mosley,51,95283 Jennifer Terrace,Port Blake,Florida,15632,80.157613,16.626809
William Barnes,49,09519 Yoder Dale Suite 581,Port Charleschester,North Carolina,79960,52.573931,14.3875815
Jason Tate,32,429 Suarez Hills,Yvettemouth,Louisiana,40255,-174.286286,-69.5663245
Gregory Gomez,26,196 Newton Forest,Arnoldborough,Louisiana,12056,155.178734,-43.0124835
Paul Johnson,34,154 Patrick Bridge,East Ryan,Mississippi,60146,-18.897309,71.106996
Victoria Coleman,29,120 Robert Bridge,Port Johnnyberg,New Hampshire,21800,-14.920095,3.3899705
Amy Miller,60,816 Evans Station Suite 351,Karenburgh,Wyoming,77065,159.353271,-55.9643205
John Fisher,78,769 Wade Squares,Smithchester,Tennessee,64660,60.492560,75.0019595
Teresa Phillips,18,877 Fuentes Ways Suite 447,Port Cory,Mississippi,69196,12.989002,-29.858055
Jacqueline Lam,65,0178 Cynthia Neck Suite 937,North Shannon,Alaska,08322,92.942435,5.9982665
Danielle Brown,26,704 Curtis Stream,New Chaseside,West Virginia,92783,160.593848,45.827546
Rebecca Perez,77,87347 Andrade Rue Apt. 743,Lake Robin,Pennsylvania,33123,-59.623235,63.628080
Kim Gates,38,864 Shawn Isle,Lake Courtneybury,Hawaii,25293,-9.183228,-81.3782005
Sharon Banks,58,250 Andre Drives,West Sara,Kansas,65225,67.934760,-14.8803225
Amanda Martinez,80,7692 Santos Meadow Suite 479,Leefurt,Maryland,51402,-85.118501,47.602145
Tammy Smith,80,205 Davis Neck Suite 488,East Angelicaton,Delaware,25373,-50.663980,0.7728805
Jordan Neal,38,2644 Mason Roads Suite 052,Lake Lucas,Iowa,47661,70.407965,-41.0721855
Cynthia Munoz,20,134 Shane Station Suite 565,West Christophermouth,West Virginia,06542,176.786341,78.265235
Dr. Mary Scott,46,793 Jamie Camp Apt. 111,Cooperfort,New York,39641,48.024449,9.2726855
Gregory Thornton,39,419 Jason Well Suite 459,Cisnerosberg,Vermont,30838,134.347261,74.710824
Deborah Glenn,79,5791 Mary Burg,South Matthew,Indiana,06758,27.663244,58.1322465
Aaron Hill,40,2958 Powers Inlet,Santosland,Connecticut,88266,-36.148124,22.2535425
James Cochran,24,048 Dennis Plaza,Lake Patricia,South Carolina,73400,-175.689956,6.354492
Diana Smith,40,35377 Ware Vista,Bradshawland,South Carolina,91967,168.931859,48.017325
Angela Pierce,44,84783 Robertson Trafficway,Lozanoside,Colorado,56087,-122.546820,-43.662586
Tammy Hernandez,38,50577 Kelly Squares Apt. 597,Nicholasberg,Minnesota,19724,-106.334063,6.0415805
Jose Benitez,66,2743 Burns Green,Popehaven,Montana,79660,-31.107688,83.872393
Melissa Hall,80,20927 Brandon Spurs Apt. 767,Floydbury,Maryland,65214,153.851276,59.8521255
Makayla Harris,19,0489 Beard Loop Suite 535,North Jason,Idaho,71029,-107.091451,-44.409828
Daniel Horne,20,19574 Rachel Walks,Timothymouth,Missouri,60300,143.736791,23.426224
Thomas Walker,76,3180 Mcintosh River Apt. 949,Fuenteschester,South Dakota,45911,-166.248455,-86.349395
Martha Reed,47,10040 Rodgers Villages,Powersshire,South Dakota,41397,116.607509,87.316006
Angel Andrews,34,485 Jones Fort,Parksshire,Alaska,72510,162.763720,-34.509594
Stephanie Hughes,73,490 Mclean Road,New Amymouth,Wisconsin,69591,-147.090971,-87.298686
Shaun Curry,30,36168 Timothy Via Apt. 608,Reynoldston,Connecticut,36786,-8.370552,-70.660283
Heather Guerra,40,4998 Bell Port Suite 398,South Janicetown,Maine,68194,-158.183695,48.757688
Aimee Torres,53,8703 Carr Union,Port Nicholas,Alaska,19993,9.986228,23.238998
Kelly Wright,49,49779 Higgins Way,North Jenniferhaven,Indiana,42655,-92.478281,-17.6800135
Karen Logan,24,061 Allen Brooks,Mooretown,South Carolina,09047,-80.528974,75.5798875
Anthony Patterson,58,000 Caldwell Parkways Apt. 941,New Richardshire,Hawaii,08091,170.512764,-38.573802
Sheila Roberts,71,39395 Medina Oval Apt. 557,Sabrinamouth,Texas,15270,7.478169,-72.7322315
George Long,67,7947 Chase Way,West Oscar,Massachusetts,14287,29.395065,-20.726003
Connor Roberts,79,68858 Brandy Fall,West Williamfurt,Rhode Island,45185,21.467603,-51.4972385
John Tyler,70,49662 Holmes Camp Apt. 128,Theresafort,Vermont,22461,-171.974007,-15.465280
Glenn Moore,35,1704 Robert Vista Suite 095,Alanview,Virginia,98277,168.092820,-48.496863
Victor Velasquez,30,208 Lisa View,Joshuachester,South Dakota,04660,94.278004,48.6808585
Grace Riddle,80,36154 Hoover Cliff,Lake Zachary,Indiana,16890,-149.688665,41.7784855
Patricia Perry,19,61836 Bailey Port,New Joshua,New York,38175,-68.929641,71.146099
Julie Wolfe,66,9032 Lawson Ways Suite 171,Lindaville,Pennsylvania,61524,123.953200,-5.077169
Renee Owens,79,8294 Dana Canyon,Morganborough,New Jersey,09728,-154.197343,58.4161335
Kyle Salas,64,2684 Brooks Dam,Alanland,Florida,12573,152.721690,-65.329208
Shaun Schmidt,69,50625 Smith Glen,Woodsfort,Missouri,43286,93.442432,70.0096285
Cindy Copeland,53,92376 Manning Isle,Petersonshire,Indiana,15233,-133.706617,46.495606
Michelle Hopkins,46,1860 Christopher Way Suite 615,Santiagoshire,Michigan,18254,-105.031269,13.6708505
Jonathan Parker,74,0850 Timothy Shores,Michelleview,Nevada,55638,38.548501,13.575025
Katherine Morgan,43,8613 Rodriguez Throughway Apt. 016,Bakerfurt,Montana,20253,41.366726,62.5665445
Jessica Ramirez,41,792 Kathryn Greens,Sarabury,Texas,89020,-10.053417,87.317205
Kimberly Petersen,35,8161 Kaiser Oval Suite 248,East William,Wisconsin,92837,74.780421,68.4421695
Gregory Reed,80,044 Jason Roads Apt. 368,Snyderbury,Vermont,82815,-71.558832,58.826909
Matthew Williams,76,82978 Gonzales Mountain Apt. 650,North Peggy,Missouri,46255,-178.436460,-72.7695165
Tyler Stewart,39,878 Mendoza Plaza,Lake Ian,Iowa,85819,-130.703900,83.613359
Jason Perry,62,45579 Michael Path,Masonview,South Carolina,42726,112.687369,-47.158608
Linda Graham,43,734 Stacey Walk Apt. 668,Michaelbury,South Carolina,24059,-91.080266,-22.0302415
Sean Hill,26,627 Patricia Ramp,East Jamie,Oklahoma,63816,142.119042,48.0391415
Bruce Graves,26,6500 Mclean Ford,West Brandon,South Carolina,01591,-3.456046,23.135832
Taylor Obrien,21,65369 Gonzalez Shore,East Staceyberg,Rhode Island,31835,59.922990,-41.0022695
Anthony Day,53,1068 Rachael Tunnel,South Olivia,Utah,79677,-106.219194,41.9779885
Michael Graham,68,38513 Sarah Throughway,New Jeremy,New Mexico,31969,-18.094400,-29.819433
Shawn Glass,63,3422 Tiffany Mount Apt. 865,Port Dawn,Georgia,10366,-67.310348,-18.647142
Sharon Hunter,41,329 Rivera Stream,Owensmouth,Oklahoma,65562,-111.490223,46.896852
John Lee,62,1387 Christopher Ways,New Stevenport,South Dakota,84497,-172.524884,88.9350055
Amber Baker,21,10215 Corey Burgs,Tiffanyland,Minnesota,22856,105.142896,4.4227185
Cheryl Perez,76,957 Julie Parks,Lake Sharonfurt,Kentucky,62019,-142.092668,45.1437115
Seth Schultz,42,0989 Evans Village Apt. 926,Francisview,New Hampshire,83140,72.163126,-44.274872
Michael Vaughn,25,783 Linda Lodge,North Timothytown,Texas,75616,5.660887,-82.624473
Patrick Wang,46,151 Taylor Shores,Thompsonshire,California,03157,-142.650393,68.6988205
Shawn Blanchard,62,31564 Taylor Ranch Apt. 831,New Jacobside,Wisconsin,35505,-15.392942,-61.3646335
Maxwell Pittman,67,373 Francisco Station Apt. 693,South Lauriechester,Kentucky,21719,-166.866834,-58.3164275
Carmen Dunn,27,45945 Audrey Run,West Lindachester,North Dakota,47041,106.183127,10.5466215
Allison Malone,48,98556 Dominguez Island,New Veronica,Massachusetts,53249,-30.755694,85.075237
Robert Jensen,29,7830 Christina Estates,Kingmouth,Georgia,58586,75.243228,45.061298
Lisa Martinez,75,61490 Micheal Glen Suite 373,New Oscarfort,Hawaii,10450,123.123864,30.911088
Dr. Donna Robinson,64,621 Jason Motorway,Dawsonmouth,Nebraska,64709,68.707042,-45.982686
Todd Parker,49,068 Brown Mall,South Susanview,South Dakota,00855,28.681130,88.7393315
Jennifer Jacobson,33,9226 Daniel Parkway,West Karla,Illinois,87108,122.831530,60.197604
Kevin Patel,33,38744 Johnson Street Apt. 606,Lake Matthewfort,Georgia,07372,141.798184,-40.425424
Catherine Martin,76,321 Elizabeth Club Apt. 547,Meganchester,Nebraska,16411,175.579234,-83.859493
Curtis Alexander,48,8784 Frederick Stravenue Apt. 018,North Benjamin,North Carolina,79983,35.513488,-77.048898
Michael Graves DDS,53,912 Christina Branch Suite 262,Walterberg,Minnesota,77141,-156.880325,27.4438145
Renee Kerr,38,84828 Russell Summit,Marcusfurt,Colorado,65412,-157.016148,3.768861
Miss Deanna Gomez DVM,26,76110 Stephanie Canyon,Crystalchester,New Jersey,21444,-141.328417,-15.073575
Mark Blankenship,20,0995 Christine Point,Jennaton,Florida,94733,114.196820,-53.971539
Caitlin Taylor,64,020 Carlos Plaza,Kimfurt,Minnesota,35149,52.040345,-49.7897865
Sara Rasmussen,75,7845 Hayes Summit,Holderberg,Rhode Island,61678,165.397299,14.876905
Brittney Martinez,28,148 Cameron Landing Suite 890,Hernandezland,New Jersey,97657,-108.846080,69.129186
Robert Christian,80,80214 Nicole Ridge Suite 821,Elizabethport,Wisconsin,07597,-0.049682,73.8701265
Angela Brooks,27,3357 Michelle Drive,Lake Ashley,Oklahoma,68625,-170.361825,36.5495375
Gregory Lewis,62,882 Ashley Ramp,Kennethstad,Maryland,13614,-101.047304,59.322118
Dr. Dylan Reese,63,84888 Stafford Manor,North Aliciaview,Louisiana,72792,123.666714,72.6990635
Shari Morgan,22,492 David Crescent Apt. 289,North Jenniferside,Georgia,71286,76.315653,-83.9551865
Steven Johnson,52,95359 Kelly Neck,New David,South Dakota,99440,148.586213,-74.4739025
Monica Olsen,21,867 Whitehead Vista Suite 754,Ashleyside,Rhode Island,72852,109.994124,79.7821685
Eric Daniel,71,84425 Stewart Squares,South Cathy,Rhode Island,27567,-149.758463,-25.1319775
Brian Anderson,55,4005 Joshua Roads,Hicksburgh,Pennsylvania,35444,-145.850393,-65.4779115
Sharon Calhoun,59,490 Durham Falls Apt. 659,Veronicaview,Ohio,53323,66.866623,-16.0869705
Scott Goodwin,74,207 Barr Fall,Figueroaland,South Dakota,54789,-55.559351,-41.955972
Misty Clayton,29,7818 Sullivan Springs,Lake Laurieland,Oregon,26934,-143.369260,7.2245045
William Jones,25,828 Melanie Flats,Markfurt,Minnesota,35995,-122.586543,88.004263
Jeffrey Parker,62,18216 Patricia Spring,Walterstad,Colorado,06968,-164.766740,33.034695
Richard Jones,43,990 Nicholson Knoll,North Antoniostad,Iowa,80391,66.693394,-40.6204445
Jennifer Wong,25,89267 Kyle Avenue,Port David,Arkansas,45705,145.302210,66.562424
Phillip Snyder,30,589 Johnson Loaf,Jenniferbury,Virginia,49472,-15.505610,67.685885
Matthew Yoder,39,416 Burch Trafficway Suite 047,Jerryview,North Dakota,12868,127.419171,60.109701
William Robles,30,57385 Justin Glens Apt. 464,New Claytonchester,Pennsylvania,71358,-5.099510,-49.062556
Cristian Khan,73,23236 Hector Radial,New Alishastad,Kansas,96501,-36.257529,7.7362015
Brian Fuller,47,1641 Daniel Avenue Suite 806,Lake Richard,Delaware,90003,129.127323,28.248477
David Peters,45,3137 Rice Wells Suite 085,Victorshire,Michigan,01994,-129.721331,-80.430319
Joseph Brown,21,56280 Madison Tunnel,Bryanshire,Wisconsin,28907,-22.213461,-11.252399
Timothy Davis,76,435 Williams Cliffs,Lake Johnbury,New Hampshire,89435,-171.919695,-80.2888225
Marie Hamilton,58,75163 Lisa Ville,New Isaacport,Virginia,86624,-47.186457,70.1835125
Tracey Burns,38,9426 Oscar Harbors Apt. 719,Evanland,Washington,58446,-76.706353,78.761345
George Harris,50,6841 Larson Drive Apt. 916,New Anthonyborough,Nebraska,52254,31.049395,29.251398
David Graves,42,39562 Charles Circle Apt. 528,Donnaberg,Alaska,97098,35.627246,21.9917435
Heidi Hill,52,436 Gonzales Glen Apt. 988,New Christian,Missouri,30304,-79.182952,-72.1006615
Justin May,34,95598 Kimberly Hollow,New Daniel,Wyoming,30377,83.700187,-40.759246
Anna Rivers,34,4260 Perry Greens,Davidhaven,Wisconsin,16680,-1.154490,-20.951217
Kevin Armstrong,68,8630 Freeman Manor Apt. 945,West Samuel,Arkansas,92982,124.656376,80.123816
Amy Gray,23,543 Gonzalez Estate,East Michelleton,Illinois,26395,44.332519,29.5014405
Kathy Jones,47,56316 Dana Manors,Lake Lynnmouth,Kansas,62741,-178.564368,-40.8006305
Megan Lee,69,38848 Larry Flats Apt. 411,Lopezbury,Rhode Island,72731,19.498179,-86.260942
Jason Cox,20,057 Payne Wall,Fisherville,Oregon,25138,103.685404,-45.097332
Donald Noble,42,98889 Robert Islands Apt. 064,Petermouth,Massachusetts,88047,-152.243632,86.2016185
Laura Oliver,39,12037 Kathryn Island,East Joseph,Virginia,62389,-159.461608,26.537486
Adam Young,68,789 James Pike Suite 760,Lake Andreville,Alabama,07728,65.889086,-76.858592
Justin Pham,71,59654 Patricia Tunnel,New Jimfurt,Minnesota,00955,-17.505531,-9.459481
Jason Humphrey,34,030 Michael Wells Apt. 313,West Connieburgh,Indiana,53893,-35.985027,85.065730
Aaron Ellis,77,4984 Joseph Parks Apt. 661,New Rachel,Nebraska,72708,69.091666,-82.0681525
Jason Wells,60,9634 Ramirez Square Apt. 596,Port Kimberlyshire,Mississippi,86596,-159.407502,83.209883
Anne Montgomery,34,770 Mullen Fork Apt. 972,Port Jennifer,Wyoming,02744,3.981446,48.4991495
Brandi Peters,73,53837 Alexis Station,West Laurieside,Arizona,74853,-59.134300,50.896430
Eric Thomas,43,7147 Garcia Pine Apt. 155,Lake Sandraport,Ohio,24451,-103.936239,30.0512105
Lauren Gordon,78,84452 Rodriguez Forks Suite 878,West John,Alabama,06014,-63.874848,38.640496
Tammy Rogers,60,3665 Mcgrath Viaduct Suite 031,East Andrewland,West Virginia,67401,-53.735063,42.271552
Amanda Salinas,68,3198 Torres Keys Apt. 067,Port Richard,Pennsylvania,55167,-127.150560,-52.7652365
Jeffrey Becker,68,67391 Finley Fork Apt. 957,Aliciachester,New Hampshire,44398,25.253549,-64.297897
Mark Savage,42,68440 Myers Rest,Michaelmouth,Minnesota,11825,-105.725678,37.063860
David Hernandez,45,818 Michelle Oval,North Cheryl,New Jersey,57956,109.885308,43.262052
Selena Randall,60,81837 Andrew Station,Lake Stephanieport,Kansas,28159,-1.948321,10.1836515
Melissa Carter,46,0038 Rebecca Spur Suite 404,West Javier,Oklahoma,15780,-21.997453,-26.893947
John Freeman,40,571 Serrano Neck,Jonathanberg,North Carolina,73264,-51.174599,-74.704745
Deborah Gonzalez,18,1513 Tim Mall,Popechester,New York,75436,45.383640,-83.4942125
Ryan Smith,59,8627 Walker Groves Apt. 169,Hartside,Kansas,42461,28.078799,-85.889679
Michael Patterson,70,578 Matthew Island,Anthonystad,Nebraska,72919,-11.301357,-31.2264525
David Lee,21,313 Crystal Cape,North Jennifer,Connecticut,66905,24.043976,-16.196449
William Myers,39,727 Brett Vista,New Aaronton,Illinois,13400,161.847947,-61.4767135
Paul Gutierrez,65,904 Stephens Crest Apt. 188,Pamborough,Wisconsin,91035,125.968816,-0.7237055
Morgan Ramsey,24,392 Kara Street Apt. 873,Lake Tinachester,Wyoming,15168,-108.252954,45.435567
Leslie Taylor,46,4507 Davis Fort Apt. 428,Ryanbury,New York,11009,53.124841,82.8954695
Briana Bush,69,846 Brenda Port,New Bradleyland,Iowa,98742,-153.127994,-53.974964
Michael Williams,72,214 Kelley Rapid,Port Ryanville,Vermont,96966,-9.535893,12.848177
Kathryn Nelson,67,008 Buck Orchard Suite 661,Avilahaven,Rhode Island,70554,6.029410,80.413776
Jessica Blackburn,37,451 Caleb Squares,Clayshire,Pennsylvania,98316,-62.008653,-6.577932
Christopher Booker,51,5900 William Avenue Apt. 363,New Mary,Pennsylvania,15643,-31.844554,-9.9524605
Francisco Carter,77,788 Charles Station Suite 150,Rileyside,Alabama,66322,-148.591164,74.970320
Jason Johnson,31,38346 Bryan Bridge Suite 900,Lake Kevinstad,Kansas,64904,51.920813,-83.634392
Ryan Andrews,47,1255 Sheila Key Apt. 261,West Rebecca,New Jersey,59919,114.023896,42.401412
Amanda Bernard,63,00377 Davis Summit Suite 670,East April,Kentucky,47419,81.500983,-25.4882825
Chelsea Fitzgerald,30,827 Garcia Squares,Scotttown,South Dakota,24945,-160.159827,7.7817185
Stephen Koch,34,674 David Fields Apt. 955,East Howardstad,Alabama,51597,85.317994,-27.4739465
Michael Austin,70,34615 Franklin Vista Suite 548,North Jenniferport,Oklahoma,89343,141.476184,-62.754036
Richard Lawson,76,74170 Samantha Overpass,Bradleyshire,Mississippi,33701,162.781515,72.6722685
Stephanie Duke,63,65636 Holden Landing Apt. 642,Sheriborough,Wisconsin,75507,163.639650,31.5903045
Logan Rodriguez,45,2579 Garner Turnpike Suite 178,South Jeffreyfort,Minnesota,32807,3.082019,21.7329085
Lisa Anderson,21,7427 Moore Cove,Timothyburgh,Colorado,09741,-147.004370,21.492435
Curtis Boone,42,57798 Wendy Turnpike Apt. 536,West Michaelhaven,Oregon,02655,85.840669,69.814622
Michael Duran,21,2395 Krause Path,West Joel,New Hampshire,68943,-135.985795,81.1785285
Stephen Castillo,43,751 Walker River,Loriport,Arkansas,88733,-93.847958,-53.950811
Kelly Bowers,19,5099 Barbara Isle Apt. 353,Garyberg,New Mexico,84875,-161.632053,-35.2372115
Tina Wade,38,9589 Thomas Skyway Apt. 175,Norrisborough,Wisconsin,62457,108.578438,-70.0448045
Christopher Robertson,40,35191 Lewis Brook Apt. 150,Christinaberg,South Carolina,17824,105.562005,-18.363172
Todd Vaughn,18,380 Kenneth Haven Suite 725,South Amandabury,Maryland,52784,97.658750,-82.5593085
Tiffany Hunt,51,63261 Wheeler Spring,Lake Matthewbury,New Jersey,97898,44.796758,-60.636620
Ashley Garcia,26,668 Williams Garden Apt. 510,Lanceshire,Arkansas,19619,-58.558303,-66.213986
Ashley Young,27,1160 Hernandez Street,New Meganhaven,Alaska,41982,117.536086,-64.8473765
Kyle Montoya,69,99935 Gray Squares Apt. 363,Lake Suzannefort,Texas,02623,-0.508194,-11.283019
Amanda Hall,71,786 Hardy Via Suite 607,Amystad,West Virginia,85231,157.695587,5.087340
Jennifer Sparks,80,57377 William Fall,Port David,Nevada,68753,22.967917,32.046000
Bradley Dean,75,54471 Chapman Isle,West Richard,Nevada,49311,18.930689,-16.2969105
Manuel Morgan,79,724 Sean Wells,East Alyssa,Kansas,52792,143.706946,-71.302470
Kristy Bailey,24,4187 George Isle Suite 432,East Colinberg,New York,02079,-51.534716,-86.096823
Eileen Thompson,26,30395 Cathy Plaza Apt. 686,South Angela,Virginia,84093,105.128307,52.3171865
Stephanie Johnson,65,797 Brown Haven Suite 906,Bethmouth,Arkansas,66027,167.121631,3.6233595
Jeffrey Smith,31,04031 Williams Springs,North Matthew,Ohio,21097,12.185226,1.9883535
Kenneth Reid,33,57953 Jackson Field,Lake Brianhaven,Wyoming,36205,54.757957,60.090391
Traci Moreno,39,35707 Cooley Haven Apt. 212,Adkinsbury,Utah,75201,-165.022596,-53.699473
Michael Murray MD,32,273 Heather Estates,New Makaylaberg,Maryland,53327,-62.885481,-80.447137
Stacie David,21,0719 Jenny Roads Suite 404,West Michael,Florida,61828,-124.974265,27.1948945
Heidi Cunningham,23,1579 Harmon Terrace Suite 374,Lake Peterborough,Hawaii,32080,91.633849,-59.780543
Jenna Perez,50,64751 Cameron Ville,Port Loriberg,Maine,12607,98.307549,60.8792585
Mario Perez,28,3932 Matthew Street Suite 966,New Patrick,Connecticut,52183,108.034818,-67.7858415
Kelly Williams,67,073 Sandra Roads Apt. 922,Clarkeburgh,Kansas,71126,23.919959,-60.824931
Brian Cunningham,64,338 Christopher Roads Apt. 653,Mariastad,Mississippi,27150,-85.785320,-76.127498
Vanessa Leblanc,53,082 Lacey Islands Suite 361,South Teresa,Maine,24325,85.735404,-78.0433785
Jennifer Moore,64,748 Mary Crossing,East Jenniferview,Hawaii,97865,137.996180,-40.050426
Charles Guerrero,34,001 Keith Lights Apt. 989,South Shannon,Minnesota,74711,54.068393,17.8273685
Thomas Wise,61,67002 Garcia Canyon,Port Aaronfort,Indiana,15080,52.842764,52.320527
Brianna Gomez DDS,59,666 Mark Skyway,West Karenbury,Iowa,63815,112.800599,-74.643251
Kenneth Torres,63,170 Matthew Courts Suite 646,Andreaborough,Mississippi,65632,-19.274175,-4.7606155
Donald Nelson,72,743 Samantha Drive Suite 420,Port Kelseyland,Washington,30775,59.752070,1.429363
Meghan Rodriguez,80,4488 Wheeler Vista Suite 886,Danielborough,Washington,99437,63.326941,66.7691305
Matthew Holland,71,60069 Amber Skyway Suite 049,North Annside,Rhode Island,60932,8.133469,48.3583755
Jennifer Chen,62,94588 Travis Creek,Jacksonstad,North Dakota,28534,-96.546737,-45.6189465
Michael King,54,57280 Brown Track,Ericberg,Alaska,30257,-134.855205,44.967913
Nicole Mckay,75,6604 Gonzalez Ville,Mariamouth,Hawaii,85727,-94.752692,72.351140
Doris Phillips,44,507 Rivera Row,Wallerstad,Missouri,06012,-2.094079,37.6093575
Gregory Daniels,73,8960 David Cape Apt. 785,East Rachelton,Texas,96698,-15.454737,82.158626
Dorothy Ho,71,281 Price Lights,Lopezberg,Massachusetts,60555,101.951614,6.965622
Michelle Phelps,31,629 Kenneth Junctions,South Micheal,Louisiana,90935,18.300705,70.5705655
Jennifer Gaines,21,44727 Andrea Rest,Osborneland,New Mexico,20243,-146.470266,-29.889438
Amy Hernandez,77,26840 Cooper Street,North Rachelbury,South Carolina,90472,-79.777533,-4.4286435
Adam Vance,44,12894 Johnson Mission,Ericberg,Florida,69104,66.087010,29.734001
Jeffrey Bell,48,9817 Meagan Rest Suite 214,West Veronicabury,New Jersey,87019,-77.864150,77.0963035
Amanda Barry DVM,40,5639 Jonathan Terrace,Port Manuelview,Pennsylvania,59887,16.005109,-35.9046395
Renee Odonnell,77,6790 Rogers Park Apt. 264,Simpsonberg,Missouri,62087,-62.772063,39.370991
Julie Lopez,50,805 Melinda Crossing Suite 023,Deborahhaven,Vermont,53079,166.253596,14.1062265
Christopher Spears,42,486 Kelly Circle,Richardsonville,Louisiana,37545,107.417572,88.6734335
Kyle Dixon,38,7835 Ashley Spring,Lake Shelia,Vermont,79120,163.875893,63.0493235
Tony Huffman,71,05277 Laura Lodge,West Elizabeth,Wisconsin,15083,-38.542931,61.3802375
Melissa Berg,48,89074 Stacy Mission,Smithshire,Florida,72815,34.126385,43.710476
Pamela Santiago,21,324 Davis Meadow Suite 064,New Sarahstad,California,67177,-173.756591,-69.441267
Marc Johnson,53,28743 Delgado Inlet Apt. 723,North William,Idaho,62718,-134.801125,-89.153800
Heather Baxter,28,444 Jennifer Drive,West Kevinburgh,California,56013,-13.259184,-51.419522
James Weaver,37,073 Nicole Skyway Apt. 283,Connieborough,Tennessee,41878,-136.653441,-67.5958205
Nathan Johnson,75,37898 Christy Extensions,South Sharonburgh,Idaho,66866,23.697400,-44.5718095
Jack Mitchell,22,299 Susan Course,East Hectorberg,Nevada,86423,-66.134410,83.7712555
Kevin Smith,33,8754 Carolyn Village,Martinfort,Michigan,23807,138.152053,-68.3526485
Cheryl Garza,19,495 Samuel Passage Suite 363,Montesland,South Carolina,13359,57.812901,14.105306
Kenneth Hicks,65,402 Austin Harbor Apt. 543,Kimberlyville,New Hampshire,28092,24.230394,-77.8889595
April Garcia,49,2176 Kayla Track,Kellerfurt,Alabama,02516,161.371972,22.073255
Kimberly Roman,77,3199 Williams Trail Apt. 887,Swansonport,Vermont,15776,-18.324402,20.5307105
Vicki Davis,33,14100 Emily Viaduct,West Michael,New Jersey,17867,113.090853,-70.9889275
Ashley Blackburn,31,88571 Stephens Port Suite 270,Alexanderton,Montana,62542,-106.529031,-28.9264705
Amanda Gay,45,64442 Nathaniel Summit Suite 083,Emmamouth,Utah,30756,88.632501,54.375114
Garrett Stevenson,43,6318 Brian Camp Apt. 079,New Dalton,Virginia,33573,53.904512,12.6375515
Christopher Campbell,75,4763 Vargas Fords,Robinville,Nevada,27811,26.280911,7.7271125
Daniel Hayes,79,89050 Samantha Rapid Suite 795,Port Samuelchester,California,50063,-145.936210,-24.9950835
Brittany Watts,21,62581 Stevens Rest,North Jeffrey,Arizona,71095,-119.122570,42.6145475
Craig Ramos,24,8159 Jasmine Point,Amyland,Vermont,29245,-53.385436,-71.550227
Robert Powers,77,319 Foley Land Apt. 983,East Zacharyshire,Arkansas,64917,-160.547794,22.783430
Megan Williams,19,7106 Dillon Freeway Suite 470,Jeffreyshire,Hawaii,30624,147.995140,-11.031993
Mark Watts,71,5289 Delacruz Viaduct Suite 867,Port Mary,Oklahoma,63781,51.338520,59.500259
Jacob Lang,53,99620 Jacob Burg Suite 324,South Samuel,Nevada,25112,22.481889,-45.151119
Lisa Perkins,74,03044 Baldwin Route Suite 706,Hallshire,South Carolina,11940,69.760796,-48.081957
Daniel Watson,73,2625 Dennis Walk Apt. 552,South Jesse,Tennessee,00956,34.612160,-51.351623
Kevin Hunter,78,913 Thomas Road,Port Isabella,Delaware,99606,-40.818831,-63.020685
Cassandra Horton,64,2766 Andrew Wall,Kellyville,Ohio,54389,2.520515,-4.4000815
Jeffrey Cabrera,53,805 Leah Walks,Lake John,Iowa,12438,-6.949542,-22.396042
Monica Mann,25,8759 Higgins Plaza,South Jimmyfurt,Maryland,20207,-128.263245,6.2877395
Claire Mcclain,33,6579 Bryant Lakes,Jamesborough,Utah,16623,-11.017934,-43.066919
Anthony Dyer,37,6868 Floyd Drives,Port Carolineville,New Hampshire,03954,-62.078093,-15.777985
Bethany Aguilar,36,66609 Carl Ridge,Hallfurt,Arkansas,87968,98.921103,-36.4645225
Zachary Hernandez,30,1448 Barajas Crest Suite 994,North Sara,Minnesota,14940,-173.522234,70.7026825
Jose Clark,79,88671 Gallagher Point Apt. 448,North Victoriastad,Nebraska,29955,61.544525,63.2442995
Michael Brooks,73,4748 Williams Common Apt. 935,Brownland,Montana,69233,-72.127446,72.401437
Kelsey Ferguson,51,26398 Sonya Corner Suite 224,Monicaport,Ohio,73266,71.919778,15.2692685
Jonathan Santos,24,645 Vasquez Route Suite 986,Bowmanburgh,Alaska,13106,-139.926248,5.214218
Randy Brown,76,11676 Allison Ridge Apt. 517,Port Jacqueline,Ohio,70015,125.780747,-7.9699965
Teresa Salas,72,19128 Charles Valleys,Blackbury,Nebraska,89398,124.956864,-88.760446
Melanie Huffman,72,900 Curtis Dale,Powellview,Nebraska,83991,173.664534,12.8057785
Deborah Bowen,31,01177 Price Highway Suite 108,Kimberlyport,Ohio,06322,-129.611634,-26.9295115
Michael Hawkins,32,3855 Joyce Land Apt. 719,Leahburgh,Texas,60267,-55.269635,72.6293885
James Farmer,29,334 Allen Mall Apt. 086,Port Pam,Mississippi,21998,18.667482,-39.5428735
Angela Roberson,51,3359 Mitchell Cliffs,Johnland,West Virginia,31914,-11.734556,-16.874292
Sandra Moore,23,42050 Alexander Dam Apt. 693,New Debrachester,Iowa,58100,-39.225716,-27.4337335
Dawn Johnson,74,908 Joy Harbors Suite 772,Frenchside,New Hampshire,69560,37.718669,50.082516
Jeffrey Perez,77,10658 Henry Rest,West Jacquelineshire,Hawaii,94132,-81.599773,-61.940856
Erica Walker,77,52641 Brittany Lights,East David,Vermont,53268,177.216763,-65.085334
Jamie Singleton,73,733 Sandra Circles,Simmonsborough,Colorado,54649,16.054530,9.244706
Shawn Evans,21,72312 Eric Rapids,West Justin,Pennsylvania,23465,142.252406,-3.605004
Stephanie Maldonado,68,7111 Marcus Forge Apt. 700,Annemouth,Maine,11790,-72.973956,3.0609265
Brittney Summers,50,2971 Renee Flats,Laurentown,New Hampshire,73847,54.579220,-36.9131615
Karen Carroll,18,701 Nicole Divide,New Brandonburgh,Alabama,25682,-74.917399,-25.232834
James Gaines,58,7363 Kaufman Ferry,Shafferland,Maryland,47848,-0.008155,-38.725359
Lindsey Ray,18,3195 Vasquez Brooks,Lake Robert,Maryland,97327,86.905114,19.2003335
Robin Mcmillan,67,04925 Williams Courts Apt. 094,Michaelburgh,Illinois,09680,154.512695,-14.7675205
Lisa Gardner,33,826 Daniel Common,Fisherhaven,Illinois,44079,159.388043,21.138000
Christopher Schaefer,23,836 Rachel Locks,Brittanyhaven,Nevada,44523,-18.426665,2.2281755
Melinda Myers,23,204 Cathy Club,Matthewfort,Tennessee,97736,36.241750,-40.1045135
Daniel Nguyen,38,18116 David Lock Suite 384,Peterside,Wyoming,42630,144.714250,29.887945
Logan Phillips,24,06257 Brown Square,Youngmouth,Massachusetts,95538,-3.535187,55.7462155
Clayton Clark,25,978 Garcia Drives,West Josephberg,Michigan,50267,128.784683,-44.717166
Sarah Haney,56,70317 Rodriguez Springs Apt. 208,Lake Briannamouth,Louisiana,61858,56.736581,40.0976285
Kathleen Smith,33,101 Blevins Squares,Rubiobury,West Virginia,10308,60.898225,-39.2868525
Michelle Marshall,52,67812 Danielle Plains Suite 091,East Nancy,Rhode Island,58028,100.372673,58.947305
Amanda Wolfe,18,168 Allen Rapids Suite 690,South Melissa,Nebraska,72524,-101.948972,-50.444907
Tyler Palmer,46,585 Erik Track Apt. 181,New Brianburgh,West Virginia,42268,35.250731,-80.5044135
Patricia Alexander,43,78036 Nicole Run,Stephanieshire,Nebraska,61725,-132.608407,-6.6116005
William Horn,22,2535 Cheryl Dam Apt. 689,Samanthatown,Rhode Island,35374,19.721575,-38.253599
Stephanie Walker,48,4816 William Rapid,Lake Andreabury,Connecticut,00958,-142.129936,-33.953677
Annette Mitchell,70,300 Cox Trafficway,East Debbieport,Ohio,06608,-20.637385,-2.940241
William Johnson,23,10184 Pope Road Suite 431,Fitzpatrickview,Massachusetts,28355,28.236605,-89.7776345
Mathew Hanson,20,7558 Roberson Street Suite 063,Eduardoton,Delaware,39221,-107.074168,83.709900
Katrina Weiss,61,58272 Joseph Trace,Stephaniemouth,Arkansas,59787,139.212295,-42.725624
Julie Jimenez,21,90263 Robinson Loop,Andrewshire,North Dakota,66157,166.579317,15.9406745
Melissa Arnold,36,951 Wright Mountain Suite 445,Thompsonberg,Colorado,17863,124.758876,-6.5270835
Jennifer Edwards,23,8756 Logan Pines Suite 592,Brianberg,North Dakota,43777,2.187981,-64.0864185
John Faulkner,40,9369 Veronica Islands,Shieldsview,South Carolina,08171,-48.108988,24.967277
Trevor Wilkerson,29,5866 Rogers Stravenue,Mooremouth,Minnesota,39693,-112.092804,-89.4730645
Jessica Morris,78,642 Jennifer Mountains Apt. 028,Davismouth,Hawaii,94817,-121.839601,-8.8651335
Benjamin Clark,66,9308 Kevin Prairie Apt. 226,Teresamouth,Idaho,02319,-81.019502,-82.071540
Heather Clayton,58,40651 Christopher Shores Apt. 302,Port Robertmouth,Rhode Island,83594,-33.631470,-76.4061205
Andrea Jackson,58,5749 Kyle Knoll,Port Coreyhaven,Illinois,83829,-159.354459,-29.4263355
John Mendoza,76,978 Morgan Radial Suite 376,New Nicholasborough,Delaware,01941,29.468552,-20.4038425
Casey Giles,26,0435 Sydney Keys Apt. 986,Garnerberg,Wyoming,10486,77.485102,-61.6354775
Lindsey Powell,58,096 Smith Road Apt. 013,Danielland,Rhode Island,82191,-12.580357,87.707834
Marie Gonzales,37,75252 Michelle Estate Apt. 238,Chapmanborough,Nevada,61667,126.318737,0.269976
James Gilbert,78,52696 Michael Ramp,Port Carlos,Nevada,28732,-102.306127,-82.623070
Scott Smith,46,5095 Martin Lakes Apt. 332,Port Jamie,Michigan,03314,47.480190,-10.344394
Christina Harris,67,8644 Rebecca Crossroad Suite 945,South Michael,Arizona,56101,-162.082164,84.1439745
Russell Blake,68,273 Scott Court Apt. 729,North William,Alaska,07241,-57.068807,0.9050355
Gwendolyn Long,41,039 Guerrero Wells,Wallsmouth,Kansas,15977,112.189449,-24.7527665
Nicole Baker,70,594 Clark Squares,Smithfurt,Rhode Island,20325,-86.110531,3.744082
Kim Christensen,41,4319 Pacheco Radial Suite 829,Waretown,California,76547,-99.050686,66.667212
Christopher Gonzalez,41,5436 Moran Ports Suite 588,Sandrabury,Hawaii,99109,-62.838439,-47.5724675
Vincent Garcia,29,6155 Abigail Lakes Apt. 240,Tranton,Colorado,54867,158.058700,-27.0734925
Peter Evans,40,3417 Carol Way,Thomasport,Kansas,60039,-167.074461,-10.480761
Christina Page,26,75403 Johnson Pines Suite 005,West Kelly,Nevada,96962,105.080754,-3.803892
Mark Gonzalez,76,784 Emma Land Apt. 340,Cohenmouth,Connecticut,35848,51.729226,52.6177885
Marvin Mcknight,33,808 Soto Trafficway,Ambertown,Texas,62746,41.478352,-10.2372725
Rachel Miller,33,0004 Sharon Isle,South Jacob,Utah,06328,-43.014557,18.9310515
Darlene Myers,67,7709 Davis Haven Apt. 867,Wilsontown,Idaho,11428,148.924079,-61.6200625
Amanda Johnson,45,188 Reginald Burg,Richardside,New Jersey,71372,-32.434970,12.388014
Suzanne Jenkins,79,361 Holt Canyon,Sabrinaton,Illinois,53364,158.814621,6.4204275
Jennifer Cox,74,192 Carolyn Canyon Suite 738,Jacquelinemouth,Iowa,42701,9.807039,-44.710697
Lauren Phillips,39,61176 Daniel Road,North Stephaniemouth,Georgia,63826,-55.163146,-18.738899
Ryan Barker,28,0922 Garrett Centers Apt. 083,Andersonfort,Arkansas,95907,78.961665,-27.123303
Juan Gallagher,47,0203 Kenneth Summit Suite 775,South Mary,Alaska,21447,-9.202902,29.8409605
Justin Gibson,52,750 Hicks Springs,Lake Beckyport,Texas,13169,-140.445307,-12.706785
Crystal Lambert,47,92239 Sampson Mission Apt. 641,West Kristenmouth,Illinois,36544,93.959010,65.1313205
Zachary Dorsey,51,64747 Bryce Harbor Apt. 133,West Randy,Vermont,54542,106.320666,63.4220515
Valerie Hurley,41,9343 William Hill Suite 438,Michaelshire,Wyoming,25347,-74.098104,5.1823475
Donald Gomez,67,232 Williams Via,Aliciaside,New York,83674,-109.051196,17.3066705
Dr. Jack Brown,33,28182 Holmes Lodge Suite 769,Richardshaven,Missouri,00529,-145.635679,37.982586
Cassandra Hardin,74,29878 Torres Road,Port Donnaland,Kansas,03119,-140.473802,40.684452
Christopher Thornton,64,0883 Osborn Courts,Lake Sara,Florida,87119,71.328561,76.3962495
Darius Zimmerman,25,8323 Arnold Keys,Davidshire,Arizona,45284,155.329490,-11.0105715
Amanda Peterson,56,4470 Gordon Ports Apt. 453,South Kevinmouth,Idaho,60703,142.945556,-40.325615
Melissa Sanchez,65,650 Kelly Fords Apt. 317,West Tara,Nebraska,21007,43.347255,63.971869
David Wells,42,9531 Matthew Stream,Lake Jennamouth,Iowa,28935,-28.544344,-39.948268
Jessica Robinson,57,238 Tanner Center,East Rebecca,Maryland,90894,30.317202,-69.915721
Michael Walker,19,8127 John Rapids Apt. 799,South Philip,Kentucky,93784,49.440188,17.141440
Shannon Johnson,24,929 Green Ville Apt. 215,South Nicholas,Hawaii,24680,53.778772,-41.8875195
Jason Sanchez,78,136 Rebecca Tunnel,Lake Michaelside,South Carolina,34176,127.713243,36.188651
Kyle Jackson,57,4924 Sierra Forks Suite 619,Port Jill,Massachusetts,73993,0.365740,3.2771605
Mathew Reynolds,63,717 Cochran Dam Apt. 541,Judyport,Alaska,20620,24.509589,11.4004415
Derek Richardson,50,05496 Lori Locks,South Carla,Nebraska,76764,90.710416,24.4237585
Melissa Stone,24,64298 Henry Village,Lake Alexandriabury,West Virginia,69767,-32.518957,-56.713958
William Nguyen,20,65519 Joseph Curve,Lake Brian,Indiana,78618,36.123938,-65.551613
Andrea Romero,21,66453 Steven Circles,Cortezland,Utah,52219,5.622851,-54.6519875
Diana Prince,35,30000 Fernandez Street Apt. 991,North Paul,Wyoming,12132,-171.630071,-51.0528205
Kimberly Hodge,66,712 Jones Knoll,Michaelville,Oregon,56769,-156.342232,42.1311365
Jennifer Freeman,46,5592 Mahoney Ford,Smithville,Georgia,05658,-79.843915,89.820433
Kyle Olsen,70,938 Sarah Way Apt. 178,Jenniferbury,North Dakota,26344,-110.196853,-36.052835
Michael Conrad,77,20874 Allen Ranch,Alanstad,Vermont,21756,33.824648,30.7974955
Jessica Vance,76,4460 Hendricks Burgs Apt. 247,Zhangside,Alabama,46779,114.848322,74.629162
Justin Mcclain,35,102 Rice Springs Suite 061,Lake Williammouth,Michigan,59161,171.394653,13.6411005
Susan Hughes,26,34985 Mark Summit,South Leahport,Alabama,27478,79.427026,20.7910995
Christopher Ferguson,75,74640 White Street,East Bruce,Kentucky,32259,-164.629618,-37.7692385
Felicia Davis,27,634 Heather Cliff Apt. 134,Port Pamelatown,Colorado,40277,-107.621970,-73.9114215
Daniel Salazar,38,774 Copeland Crescent Suite 004,South Nicholas,Virginia,91401,25.210448,81.959155
Amy Gray,46,1164 Justin Plaza Suite 509,Lake Tinatown,Utah,28988,-80.798099,83.997097
Anne James,49,8366 Matthew Courts,Martinland,Texas,83061,-52.642545,-21.2780405
Monica Duran,30,88984 Natasha Village,Mossfort,Rhode Island,81269,23.883799,53.704839
Charles Nicholson,55,3959 Compton Pass,South Kathryn,South Dakota,02767,-152.723184,-5.147234
Kevin Aguilar,24,944 Barnes Plain,East Johnbury,Pennsylvania,54546,-63.502380,19.2920835
Michael Gardner,28,954 Nichols Track,New Ericaside,Maine,49046,142.528884,-25.519404
Brandi Abbott,25,8421 Daniel Square Suite 628,South Travisstad,New Mexico,01441,130.974524,-57.7768415
Robin Harmon,58,124 Alexander Parks,New Leemouth,Arkansas,30674,-41.378687,-34.699715
Katherine Mason,68,56009 Cox Course,South Reneestad,Rhode Island,47974,-164.580552,60.6825485
Sarah Short,45,19732 Katherine Views Apt. 680,East Jacqueline,New Hampshire,55193,-85.436914,33.6332695
Christopher Fisher,35,1266 Jeremy River Apt. 796,West Richardmouth,Connecticut,10522,-27.143287,-87.2169385
Tanya Mccormick,77,7689 Quinn Mountains Suite 702,Kimland,Nevada,40674,67.101662,-77.760851
Bethany Rivera,55,7681 Lisa Overpass,New Mistyfort,Massachusetts,56275,12.624000,63.5787705
Tammy Bishop,33,0419 Smith Fords Apt. 202,Malloryton,Maine,22724,25.010847,-21.504027
Cynthia Weiss,74,35721 Moore Path,East Janet,Pennsylvania,14617,94.904995,27.9583235
Daniel Gutierrez,29,28841 Sharp Bypass Suite 518,Mckinneytown,Texas,37308,-123.453177,-5.4450865
James Santos,45,8257 Moore Mountain Apt. 717,East Christine,Texas,70816,19.258700,82.829717
Samantha Walker,28,7571 Daniel Inlet Apt. 934,Melissaside,Florida,66029,112.728591,14.825441
Alexander Farley,56,377 Davis Mills,East Amy,Louisiana,44630,97.883747,25.726839
Peter Martin,50,326 Gina Mill Apt. 603,Amandachester,Delaware,21422,106.192594,-24.618955
Chad Gentry,74,720 Daniel Crossing,Robertside,Montana,55752,-60.646722,-44.997790
Danielle Bradley,38,01438 Moore Route,Hendrickshaven,North Carolina,68716,61.876244,-77.301304
Jeremy Davis,18,9690 Jennifer Islands Apt. 704,Greenland,Texas,64761,66.443465,-21.706910
Jacob Bradshaw,61,44522 Eric Run,Melendezfurt,Arizona,42042,-81.767286,13.898124
Meghan Mendoza,22,33713 Williams Underpass Apt. 769,South Maryland,Ohio,09998,24.205196,-32.553657
Cheryl Snyder,65,77904 Singleton Point Apt. 014,Maryville,Oklahoma,79349,-90.279464,-28.5310725
Jennifer Willis,32,38203 Eddie Lodge Suite 284,West Joseph,Illinois,83408,-128.044874,51.8656535
Vincent Everett,18,144 Debra Hill,Armstrongchester,South Dakota,18417,-39.619546,17.9083235
Jason Hunt,69,06661 Justin Pine,Katherineshire,Massachusetts,44067,-79.156483,-34.2490025
Marie Moore,77,0401 Shelly Ford,South Gabriellaburgh,Indiana,98193,22.165386,-13.0716965
Marcus Thompson,34,8888 Pugh Valley,Kimberlyburgh,New Jersey,93922,-174.528845,29.765684
Lisa Francis,70,2834 Denise Field,East Garrettberg,Arizona,63971,-1.018892,-66.8063035
Tara Parker,48,765 Michelle Divide Suite 988,Leemouth,Rhode Island,99223,59.235948,-44.2248225
Wendy Lewis,78,3227 Walker Lock,Port Emilyhaven,Alabama,12750,16.829497,52.816273
Jill Hernandez,52,472 Bell Ports,North Eric,South Dakota,31357,-137.443607,8.2676345
Mark Kidd,56,9242 Misty Rapids Suite 375,Lake Shelbyville,Virginia,35957,84.337573,22.2448375
Melissa Gibson,44,98806 Goodman Tunnel,Davidstad,Alabama,54072,54.380041,88.434197
Christine Johnson,20,52308 Kristen Burgs Suite 544,North Natalieburgh,Illinois,79085,125.225391,-76.593416
Scott Combs,61,9760 Nathan Land Apt. 931,East Cameron,Indiana,69984,-106.211582,-1.5066905
Bruce Fisher,48,285 Miller Hill Apt. 794,Diazview,New Hampshire,20412,36.205771,-68.830019
Bradley Mata,69,4427 Jarvis Ramp,Camposside,Washington,72742,70.975021,-40.009100
Corey Keith,50,3465 Morrow Ford,Victoriaport,Michigan,40171,-98.433750,34.6223065
Amanda Wells,43,563 Joshua Groves,Anthonyfurt,Missouri,08634,82.834525,27.1902245
Jacqueline Lewis,55,432 Lawrence Estate,Brandiport,Hawaii,43546,113.463344,79.0418865
Keith Sanders,76,4403 Thompson Neck Suite 861,Roachchester,Rhode Island,33791,60.721818,71.668790
Rachel Rivas,38,1116 Janice Coves,North Reginaldside,Nebraska,79796,-21.529853,-31.4900225
Lee Diaz,63,746 Robinson Gardens Apt. 206,South David,Massachusetts,82666,178.815179,-48.085120
Sheri Gilmore,29,578 Craig Springs,Schultzborough,Missouri,60237,-35.455146,19.426054
Jennifer Walker,23,605 Robert Gardens,West Howardview,Nebraska,86167,70.660970,-12.283185
Heather Moore,49,32017 Fowler Summit,Thomasshire,Iowa,64572,-68.683782,-79.8615665
Michele Smith,37,1486 Samuel Landing Suite 143,Kennethberg,Illinois,95456,127.156190,-80.9596725
Justin Allen,46,301 Flores Pike,Lake Melindabury,South Carolina,74881,58.929048,-33.342174
Christine Wade,23,5931 Alec Village,Sanchezville,Alabama,39023,18.779912,-24.5440225
Shawn Thomas,59,79920 Jeffrey Mission Apt. 571,Jacobborough,Indiana,71981,75.937191,-51.1173265
Tammy Crawford,43,0627 Reynolds Ramp,Gregorybury,Louisiana,84424,31.047590,43.0060315
Nicole Watts,79,083 Steven Hills Suite 416,Hallside,South Carolina,46056,119.846087,-54.2460685
Ronald Mckinney,38,63560 Warren Lane,Schmidtmouth,Michigan,95645,-50.986685,-75.857310
Gabriella Lynch,19,10175 Jesus Land,North April,South Dakota,21547,166.723348,-7.5990645
Ryan Smith,67,552 Conrad Rapids,Guerreroside,Alaska,66718,47.643242,72.9160785
Kelly Lozano,57,649 Ryan Keys,Johnsonshire,Tennessee,03820,115.346761,-47.294818
Jesse Patel,53,41958 Castaneda Ville,Ramosmouth,New Jersey,99225,30.063443,-47.4500205
Tara Alexander,74,550 Foster Rest Apt. 488,North Eric,Oregon,87981,176.445489,-79.174091
Christopher Goodman,26,41407 Blair Tunnel Apt. 782,Timothyton,Idaho,45373,-158.566415,-28.2024065
Mr. Eric Farley,52,556 Melissa Canyon,New Andrea,Vermont,16891,69.636188,88.4532735
David Petersen,76,214 Farmer Locks Apt. 270,Nancymouth,Georgia,99436,57.742103,73.2018265
Terri White,50,5611 Eric Rapids Suite 160,Owensstad,Virginia,23066,-93.778778,85.5540855
Jared Wilson,73,36100 Bush Plain Suite 067,Port Christineberg,Arizona,72540,133.729439,-47.256276
Samantha Holland,62,35299 Gonzalez Forge,Johnborough,South Carolina,89206,-142.580504,-83.9268585
Brian Jones,71,8206 Jordan Overpass,Cobbberg,South Carolina,21227,167.231322,-38.814105
Amy Morrow,32,9511 Beasley Overpass,Ernestton,North Dakota,71583,69.499871,-16.1384685
Melanie Adams,48,4677 Daniel Branch,East Erin,Wisconsin,62430,31.069346,52.7284965
Mark Blackburn,21,265 Bryan Path Suite 248,West Tyler,Tennessee,66796,-170.463624,-10.9036285
Valerie Novak,44,425 Aguilar Bypass,North Alyssaborough,Alabama,91976,14.413962,-23.419344
Raymond Winters DDS,48,8346 Graves Glens Apt. 781,East Josephshire,New Hampshire,14520,-43.727930,80.4393905
Jason Fletcher,72,497 Michael Views Suite 857,Darrylton,Missouri,24012,-26.535203,-6.047261
Shelby Barrett,41,811 Adams Camp,Lisaton,New Hampshire,26331,105.947629,33.463217
Andrea Clark,57,90382 Butler Curve Suite 052,Johnsonmouth,Iowa,09795,-176.682637,67.871938
Robert Wolf,52,01611 Daniels Rapid Apt. 601,Christophermouth,Hawaii,48131,125.058436,-23.821699
Mary Hamilton,23,4133 Sarah Creek Apt. 994,Sanchezton,Oklahoma,81283,166.477277,-5.6853345
Mr. Michael Clark,40,5579 Jennifer Knolls,West Jennifer,Oregon,88413,-143.794994,-58.737431
John Torres,60,343 Tommy Lane Apt. 956,New Zacharyborough,South Dakota,88874,77.498126,-59.4222345
Dawn Smith,51,3046 Prince Stream Suite 963,Johnsonstad,New Jersey,33800,-65.647678,7.869282
Willie Flores,37,7642 Beasley Keys Apt. 203,North Meganton,Arizona,33394,178.478973,56.2335865
Carl Cook,40,03661 David Shoal Apt. 711,South Anita,Florida,33790,-97.947766,-44.957695
Jonathan Lambert,72,59204 Duarte Passage Apt. 585,New Robin,Nebraska,08168,-70.247589,27.859548
Jonathan Conley,31,9259 Sanchez Viaduct,Williamsburgh,Delaware,84179,172.354879,-87.7482115
Mary George,23,39837 Reynolds Summit,Ericside,Kansas,01251,-132.537303,31.5785655
Vanessa Wright,76,44292 Adam Plaza,Billside,Hawaii,18080,179.146731,-69.8079245
Kristen Rich,24,1269 Cassandra Tunnel,Port Leslietown,Connecticut,37936,-170.125535,-71.220940
Kayla Middleton,60,336 Valenzuela Orchard Apt. 159,Matthewstown,Nebraska,40208,-22.258052,-69.9958005
Ashley Mcdonald,44,097 Dylan Course,Georgeborough,Wisconsin,40980,1.484094,64.407702
Allison Lang,59,086 David Terrace,Stephensonview,Maryland,52077,31.509331,34.928140
Kaitlyn Carter,75,377 Duncan Ports Apt. 210,Andreatown,Kansas,41180,49.841610,54.139324
Leslie Potter,74,325 James Fork Suite 601,Port Susan,Nebraska,62888,-165.019263,12.079210
Anthony Ramirez,50,7493 Adams Pass Apt. 975,Lake Jamieview,Massachusetts,92438,120.658515,17.172855
Dr. Douglas Obrien DVM,73,90949 Sherry Islands Apt. 420,Port Mary,West Virginia,34529,-20.874822,-27.5453825
Jennifer Walker,21,8177 Carson Common Suite 476,West Sylvia,Mississippi,30063,-173.448882,-36.0478515
Jeffrey Smith,52,406 Heather Locks,Danielborough,California,22901,60.535576,74.063221
Carrie Brady,32,616 Oliver Viaduct Apt. 360,Mcmillanland,Delaware,09960,71.319988,66.632657
Amanda Nelson,47,306 Cheryl Knoll,Port Alexa,Nebraska,36827,-53.340725,20.3370425
Aaron Rivas,57,649 Edwards Skyway,West Natalie,New Hampshire,65507,-107.819745,19.8030475
Shane Mayo,37,278 Scott Circles Suite 982,North Stevenstad,Pennsylvania,01395,-34.429667,52.914950
David Vega,31,75457 Hughes Extension,Port Ashleybury,Connecticut,85329,8.366809,89.7929615
Michelle Reed,22,81731 Sanchez Coves Suite 233,Reidshire,Alaska,24249,-61.611897,-68.1866595
Jonathan Reid,59,59311 Debbie Lane Suite 791,East Mark,Georgia,68787,-86.573909,-87.4988615
Terry Jones,65,5281 Jacqueline Forks,East Jesse,New Mexico,54794,175.948756,46.9345495
Sherry Jacobs,22,3514 Sanchez Meadow Suite 427,Jessicaport,Montana,13222,-145.184238,36.778850
Kenneth Wilson,27,52638 Park Brook Apt. 659,Jenniferburgh,Colorado,95652,-164.151652,-42.718442
Jon Fischer,20,66352 Perry Shore Apt. 858,Richardton,Louisiana,06855,114.323707,20.070715
Michael Johnson,43,6400 Flowers Extensions,East Catherine,North Carolina,66328,16.652896,-28.594675
Amanda Bender,37,189 Cheryl Gardens Suite 658,Dudleymouth,Iowa,99280,-155.614718,39.8277625
William Mejia,53,450 Watts Village Apt. 358,West Debbiemouth,West Virginia,54545,58.609653,83.5301995
Levi Steele,77,929 Katrina Union,South Debrachester,Missouri,50737,82.748090,10.863683
Laura Chavez,25,27834 Black Road Suite 762,New Damon,Missouri,52399,60.768868,60.811924
James Walsh,45,728 Jenny Row Suite 283,Port Matthewtown,Kentucky,53340,-142.878982,-46.721264
David Rollins,22,350 Russell Hills Suite 301,Mariaborough,New Jersey,07938,116.989414,-69.1396055
Terry Lewis,36,4539 Gonzales Roads Apt. 772,North Ann,Delaware,38124,-54.797771,79.2392425
Kenneth Thornton,70,4907 Mcbride Plain,Beckyton,Minnesota,59071,-86.892008,33.4916265
Brian Smith,55,45944 Johnson Circles Suite 063,Port Sarah,Pennsylvania,57015,-42.811341,60.8231665
James Maxwell,52,2786 Ryan Plaza,South Robertberg,Montana,32341,52.038793,33.442513
Amy Logan,41,30987 Robert Shoals,Jenniferstad,Rhode Island,01308,21.501683,-77.167386
Patrick Vargas,33,96791 Kylie Mall,South Jamesmouth,Louisiana,94150,-17.601761,-51.5051295
Lawrence Salinas,75,158 Serrano Green,East Ryan,Minnesota,95981,115.172399,24.374230
Alexander Mendoza,52,82067 Curtis Turnpike,Lake Matthew,Michigan,76089,124.864026,-26.9680065
Kirk Alexander,19,082 Thomas Oval,East Julie,Virginia,81836,-145.213466,-39.905983
Patricia Thomas,57,428 Ethan Prairie,Clarkside,Georgia,80137,40.900099,83.8334095
Peter Clark,68,89901 Pamela Land,North John,Florida,87265,59.430177,-29.453361
Matthew Burns,77,69532 James Heights Apt. 080,Mariahland,Oregon,45033,67.264923,-24.5322965
James Ross,60,53518 Charles Squares Apt. 599,Lake Markland,Tennessee,09414,-1.278776,43.914853
Briana Rodriguez,78,0935 Paige Greens Apt. 228,North Michael,Missouri,21163,169.408644,87.905048
Michelle Stokes,20,183 Sarah Common,Lindseyshire,Alaska,68435,-108.257227,36.9935445
Jeremy Thomas,26,1314 Andrew Camp,North Josephbury,Indiana,74852,20.438710,26.425661
Kayla Melton,41,44174 Jeffrey Landing Suite 421,Cowanberg,Arkansas,94483,-144.304277,32.1385185
Joel Johnson,73,7146 Chapman Oval,Port William,Kansas,33329,-3.445890,55.368301
Stephanie Potts,24,924 Laura Road Apt. 582,East Brandi,Vermont,71868,-99.671829,51.092465
Jordan Meadows,19,95202 Sanchez Mews Suite 181,New Jenniferberg,New Mexico,11925,-1.005484,-7.121927
Lisa Gonzalez,43,35397 Hughes Plaza Apt. 924,Bensonport,New York,88820,-38.372229,-88.629963
Lisa Cooper,49,9898 Andrew Cove Suite 353,Port Hunter,Utah,76411,-41.142249,64.1405185
Tracey Sherman,36,54095 Hahn Stravenue Apt. 508,Melissaview,Mississippi,36325,109.982712,-74.993110
Mark Kelley,49,349 Thomas Plains,Dayton,Rhode Island,29433,176.320042,-62.3024995
James Scott,60,4755 Jacobson Ports,South Shellyland,Nevada,51398,-1.220985,-16.0640695
Scott Freeman,43,5324 Michael Park,Mcphersonfort,Georgia,22950,-103.186055,-65.3762565
Joseph Martinez,57,48153 Rogers Fork Apt. 683,South Jennyburgh,Massachusetts,72256,-158.090836,-42.1729485
Debra Owens,57,77735 Carmen Gardens,Grantview,Washington,30828,151.684833,-9.5913955
Patrick Brown,75,127 Jessica Fords,Hernandezside,South Carolina,77387,-114.560173,74.529351
Shannon Garcia,67,10775 Roberts Road,South Thomas,Massachusetts,95568,-153.707665,81.1738115
Pedro Vasquez,68,19013 Costa Circles Suite 477,Lake Joshuatown,South Carolina,62034,163.181762,38.815281
Linda Roberts,67,99708 Hughes Mill,Lake Jamesside,Florida,30346,75.693059,18.807688
Dana Walker,75,091 Andrew Mill,Davisstad,Nebraska,87188,-60.760976,62.921763
Sara Ibarra,67,005 Green Fall Apt. 930,Haysborough,Washington,73305,-100.788307,76.902684
Stephanie Long,40,517 Lindsay Common,Nataliemouth,Louisiana,00639,-8.540733,23.9646035
Mrs. Lauren Ballard MD,27,113 Carter Gardens,New Benjamin,Tennessee,94640,12.378868,46.9884355
Johnny Scott,36,8062 Clark Expressway Suite 647,East Lauren,Missouri,38508,-53.768499,60.100020
Richard Perez,69,153 Bradley Springs,East Kevin,Wyoming,79881,-135.151991,-74.178817
Willie Thompson,62,087 Brown Path,Alanfurt,Oklahoma,84075,145.067539,27.9973605
Allison Smith,62,5713 Heath Oval Suite 042,Phillipport,Oklahoma,01736,-122.058886,75.052819
Shelby Jones,69,3761 Michelle Islands Suite 066,Joeland,Hawaii,01787,-108.214524,-56.2908015
Nathaniel Rodriguez III,59,10186 Brittany Forge,East Joseph,Virginia,22645,-132.511068,-45.0852595
Todd Scott,71,56667 Simpson Tunnel Apt. 088,Edwardshaven,Missouri,60232,-85.317352,67.688796
Laura Harris,18,825 Valencia Manor,West Hunterton,Oregon,68122,-171.513477,81.8781905
Jacob Johnson,25,821 Robles Port Suite 139,East Ebonyburgh,Kentucky,10868,-91.288845,-26.2477065
Vickie Weaver,51,8874 Day Valleys Suite 324,Port April,Rhode Island,94293,162.429043,-25.3389155
Donald Anderson,51,1406 Laura Mount Suite 432,South Robertfort,Tennessee,49063,76.427654,24.750480
Michael Walton,59,3644 Scott Creek,East Phillipborough,Alaska,43246,99.139778,-14.025158
Robin Nolan,65,131 Wilson Gateway Apt. 072,Port Karenville,West Virginia,37737,-72.765002,-1.766603
Benjamin Johnson,74,974 Meadows Turnpike,Christopherside,California,17803,91.883450,8.372076
Mrs. Melissa Ross,20,300 Mike Curve,Port Monica,Mississippi,09338,-168.295832,88.3687915
Michael Newman,68,33755 Teresa Stream,North Tyler,Massachusetts,71975,42.760479,59.431514
Amy Burgess,72,53779 Martinez Roads Suite 087,New Melanie,South Carolina,29162,-77.500309,-75.021592
Thomas Perry,20,012 Kelsey Centers Suite 385,Miguelville,Mississippi,54534,-128.807764,-45.9110535
Mary Crawford,54,468 Collins Crest,Baileyfort,Ohio,92973,72.309048,-36.5858095
Ryan Davis,32,2365 Riley Common,North Brenda,Connecticut,23068,115.087178,-36.019390
Kathleen Lloyd,55,57914 Rodriguez Alley,Danachester,Utah,27230,-11.119901,-76.353928
Adam Martin,28,937 Misty Ports Suite 744,Jenniferhaven,Montana,43039,-142.924053,18.4194605
David Alexander,60,0719 Maria Ville Suite 561,West Yvette,Indiana,95944,-49.235595,28.2414865
Kenneth Bautista,63,421 Devin Cliffs,West Julieville,Iowa,48954,153.995749,36.153181
Jessica Griffin,67,6438 Walsh Glens Apt. 187,Frostland,Missouri,31814,53.293363,-23.706386
Matthew Mayo,49,692 Terry Grove,Lake Ashley,North Carolina,31653,-43.056167,-7.0720005
Joshua Ross,47,53246 Michael Burgs Apt. 733,Maryville,New York,36334,84.772930,51.0734705
Mr. Christopher Phillips MD,58,7378 Bowen Prairie,Williamsland,Florida,19924,101.214974,-20.103537
Bradley White,58,08706 Joshua Locks,North Michelleland,Nevada,64253,-2.235938,49.892064
James Davis,47,0529 Murphy Springs,North Christinamouth,New Hampshire,72755,-54.450413,-56.8456815
Adam Torres,74,01592 Chan Corners,Cindyberg,Ohio,91281,173.135015,5.880901
Chad Jones,40,134 Rangel Ridges,Lake Williamstad,Washington,75916,77.876084,54.497078
Michelle Huff DDS,80,140 Quinn Groves Suite 553,Meganborough,New Jersey,56644,-100.416318,43.6950465
Jane Stewart,20,2162 Moss Estates Suite 101,Medinaton,Washington,58781,-165.208900,80.201965
Dr. Melinda Miller,26,088 Dickerson Wall,New Leslie,Hawaii,65147,91.401121,-34.800769
Mary Meyers,59,610 Edward Landing,Mcintoshville,Tennessee,63173,170.996131,-75.691215
James Fernandez,22,0468 Amber Roads Suite 278,Thomasland,Hawaii,48307,173.761010,28.6493395
Brenda Reese,68,48295 Cynthia Trail,Rachelstad,Minnesota,46490,71.304537,44.1561395
Ryan Gregory,47,050 Christine Falls Suite 271,East Richardtown,Idaho,84391,-53.565254,-45.075940
Glenda Smith,76,19689 Timothy Oval Apt. 554,Melissachester,New Mexico,03202,1.312137,-46.8684035
Andrew Jordan,28,1300 Vasquez Walk,Janeport,Alaska,77894,50.375460,60.964706
Stephanie Larson,39,0119 Miller Village,West Nicole,Minnesota,71298,-141.158666,-3.0329875
Emma Lee,31,803 Scott Trafficway,Olsenburgh,South Carolina,55870,93.577911,-61.331577
Jeanette Trujillo,75,00689 Kyle Ridges Apt. 582,Strongborough,Arizona,38090,-155.108360,-62.729623
Rickey Lam,50,60328 Werner Brooks,Waltonside,Tennessee,59767,-153.832634,-28.858698
Mitchell Rios,79,07974 Connie Isle,Rickyside,Colorado,04650,67.185890,-61.5042275
Samantha Dunn,46,75976 Wallace Oval,Cindyside,Louisiana,35304,42.012855,-3.504721
Deborah Murphy,72,58723 John Ports Suite 502,South Rickyburgh,Wisconsin,60223,-116.256250,-2.984217
Toni Garrett,74,351 Brenda Pass Apt. 029,South Kimberly,New Mexico,31352,89.871917,14.682183
Crystal Oneill,62,34569 Alexander Port,Lake Mary,South Carolina,68731,12.930615,-67.1895805
Benjamin Ray,71,4322 Cabrera Isle Apt. 690,Watkinsstad,Mississippi,06509,-56.263658,-74.8925845
James Arellano,38,024 Evans Land Apt. 339,South Shannon,Louisiana,13943,141.173686,59.275209
Shawn Moon,77,29801 Nichols Circles,Norristown,Virginia,73119,9.673702,-80.5938735
Crystal Payne,71,26722 Phillip Place,East Jeffreymouth,North Carolina,53006,126.139479,76.5499085
Julie Mills,45,393 Phillips Park,Brandontown,New Mexico,87129,-57.282869,-56.632756
Emily Hensley,28,45649 Macdonald Course,Smithshire,Iowa,22538,-77.404408,-42.697170
Sarah Robinson,22,6271 Jefferson Plain Suite 760,Huffmanside,Oklahoma,04257,-60.432524,50.9384745
Melissa Brooks,49,6704 Jose Haven Apt. 623,Charlesbury,Texas,22947,-49.238498,83.070207
Joanne Weaver,43,2109 David Light,Port Nancy,Mississippi,60701,128.637786,29.7549085
Sandra Wilson,31,4033 Mckinney Rue,Whitefort,California,16103,60.844509,56.200093
Raymond Durham,73,06223 Gregory Meadows Apt. 474,Lake Robert,Indiana,62827,-72.140320,72.118972
Jennifer Smith,67,41387 Scott River Apt. 007,North Annaland,Rhode Island,50503,150.888981,66.5333405
Andrew Wilson,80,16239 William Tunnel,East Amandaville,Wyoming,66640,-80.010053,52.5393015
Troy Baldwin,55,3229 Brian Burg,Jamieborough,Iowa,85941,71.783425,-23.0583745
Ronald Kim,44,0137 Garrett Lights Apt. 925,North Justin,Vermont,80534,-128.897785,-39.6918975
Brian Clark,73,56057 Christopher Pine,West Renee,Virginia,71719,133.105794,52.782613
John Hill,24,1238 Vaughn Brooks,West Margaret,Maryland,78100,-87.912275,25.569794
Daniel Williams,45,486 Waller Shoal,Lisastad,North Dakota,38817,-122.638732,29.938659
Rebecca Lawson,44,411 Henry Inlet Suite 631,East Joseberg,Wyoming,25953,-37.054180,-62.8934635
Michael Morales,68,12940 Williams Groves,East Erikabury,Georgia,95936,-95.825857,-46.555585
Nicholas Watson,53,862 Washington Rue Apt. 458,Baldwinfort,Texas,94069,65.017178,-59.186461
Noah Hicks,38,030 Miller Mill,Kristyfurt,Kentucky,87874,-120.909251,3.7182615
Jessica Smith,29,718 Taylor Trace Suite 245,Perezborough,Kentucky,62920,97.216082,87.372412
Erin Woodard,78,32122 Morales Lock,Thomasmouth,Connecticut,07929,108.659790,-14.8567725
Mr. Andrew Blair,62,5145 Velez Freeway Apt. 876,Kevinfort,Nevada,56564,72.909768,77.762807
Raven Roberts,27,546 Lawrence Wall,North Williehaven,South Carolina,42305,123.291877,-63.949766
Kenneth Edwards,32,98167 Ho Forest Suite 000,Franciscobury,Ohio,16473,-120.591820,-49.693227
Jamie Mcgee,74,24488 Diaz Wells Suite 417,North Sarahside,Nevada,40810,0.998380,29.831557
Alicia Mccoy,75,186 Ronald Knolls Suite 822,Bakerchester,Connecticut,60746,-60.999630,39.7822015
Gregory Hopkins,31,2030 Colleen Turnpike,West Crystal,California,10232,129.642752,-78.8480175
Johnny Briggs,32,81919 Robert Overpass,New Devin,Arizona,46542,84.529507,-68.704481
Daniel Arias,78,591 Martin Via Apt. 611,Campbellland,South Dakota,22382,25.079924,40.9753935
Charlotte Martinez,20,788 Smith Key,Stokesfurt,Georgia,30594,163.042008,-29.799622
Stacie Wyatt DDS,44,23738 James Fort Apt. 537,Chadhaven,Ohio,67100,53.396306,46.050163
Laura Martinez,32,30971 James Garden,North Mariaport,Iowa,91654,-170.484710,-19.212605
Rachael Blevins,48,34029 Smith Lock Apt. 516,North Mark,South Carolina,25810,82.436396,-34.9441555
Heidi Ward,56,86976 Ann Hollow Suite 708,Harrisborough,Massachusetts,74712,173.542415,-3.0467875
Kelsey Walker,57,7634 Martinez Freeway,Youngfurt,Connecticut,23735,-84.547199,-47.2297155
Mr. John Lewis DVM,40,58361 Richard Highway Apt. 298,Smithburgh,Texas,60668,-70.375975,1.3297935
Willie Wright,26,03453 Moore Stravenue Suite 090,South Holly,Iowa,24702,-50.455602,71.632149
Herbert Cook,60,706 Sean Causeway Apt. 291,West Stevenland,Missouri,07766,-97.945330,-61.6172655
Kyle Woods,65,367 Gonzalez Burgs Suite 466,Jorgefort,Kentucky,10345,9.861465,-34.971446
Jennifer Ellis,25,944 Vaughn Ferry,Lake Andrewview,California,83213,-166.885566,67.0363535
Patricia Peterson,63,049 Fisher Ports Apt. 890,Thomasside,Iowa,86744,42.436291,-26.6942565
Jason Moore,67,65593 Joel Burgs Apt. 530,East Shellyhaven,Maine,20977,38.895498,-7.2901625
James Anderson,25,1539 William Dale Apt. 323,Edwardstad,Missouri,87449,5.060248,31.4975735
Melanie Miller,31,314 Cooper Union Suite 377,East Frederick,Vermont,51184,3.615183,-57.942094
Michael House,34,5975 Jimenez Circle Suite 933,Danielbury,Connecticut,51493,116.618413,-69.608019
James Mack,68,6089 Walker Prairie,Vargasberg,Oregon,34982,-112.993090,-78.528099
Shannon Wilson,43,6404 Jennings Brook,Victorborough,Kansas,11990,-66.934892,75.9126215
Darlene Clark,74,8970 Gross Oval,Curryburgh,North Dakota,01571,-79.854696,64.087064
Nancy Powers,80,66883 James Isle,Lake Cassandrahaven,West Virginia,96809,27.483632,38.698753
Danny Howe,35,716 Lopez Stream Suite 064,North Edwinmouth,Wyoming,56462,51.973726,38.933096
Miss Cassidy Hunt,57,93317 Keith Plaza Suite 356,Wagnerville,Louisiana,64847,-146.763044,0.060698
Brent Jordan,58,02099 Elizabeth Club Suite 257,New Stevenview,Wyoming,54071,59.438383,71.6824845
Dennis Wade,35,26255 Ramirez Turnpike,Pattonton,New Jersey,75763,61.613927,-8.2378105
Carolyn Campbell,52,535 Robert Villages,North Madisonstad,Hawaii,10335,0.693159,-66.904497
Lisa Holder,78,6840 Baker Walk Apt. 336,Browntown,Florida,25074,31.943542,-78.8657065
Sandra Rich,79,3754 Carter Knoll,Jamiemouth,Kansas,90683,-140.668863,69.834997
Johnny Erickson,56,2092 Brown Inlet,Melissatown,Nevada,61277,-89.284701,20.4332605
Shannon Knight,72,33103 Maria Village,Floresburgh,Illinois,97288,-39.535091,88.341237
Mr. Christopher Harrington PhD,64,66355 Jesse Falls Suite 709,Scottview,Florida,78917,-38.153349,-86.231993
Juan Fields,80,397 Hall Drives,Parkerville,Oklahoma,76548,-115.614173,27.564265
Michael Jones,72,604 Heather Track,Duncanmouth,Oklahoma,84502,37.332998,73.661655
Ms. Brenda Hensley DDS,52,970 Walker Station Apt. 390,Laurenberg,Delaware,07898,-56.006256,46.0218755
Samantha Garcia,74,913 Daniel Lodge,Marcuschester,Pennsylvania,39607,-176.022108,-83.572295
Emily Long,26,2697 Miller Row,Port Adamview,Kentucky,86956,-49.278848,39.452501
Shannon Torres,25,05970 Michael Inlet,Zunigabury,Idaho,65734,-78.612581,53.556005
Michael Hayes,41,194 Holly Mill,Lake Geraldport,Kansas,25089,146.987531,-77.0973505
Allen Gonzalez,78,843 Barbara Flat,New Leah,Arizona,83101,-78.945305,62.104663
Tammy Ramirez,34,616 Chambers Bridge Suite 193,Mcculloughfort,Montana,34690,138.717979,28.1818325
Cheryl Anderson,77,2871 Spencer Islands,Smithshire,Tennessee,11774,-100.917905,-22.3623305
Holly Torres,69,95854 Jackson Inlet Apt. 881,Lake Williamfurt,New Jersey,63105,96.046452,-1.4445315
Wendy Anderson,38,931 Williams Forge,Jessicamouth,Arkansas,27382,-126.914805,27.067964
Deborah Williams,46,24038 Hayes Cape Apt. 650,Peterburgh,Alaska,62201,-173.573511,2.5866345
Phillip Richards,40,5233 Judy Common,East Megantown,Nebraska,76679,111.541995,72.1826245
Jorge Espinoza,62,871 Luke Summit Suite 885,Savannahmouth,Virginia,53824,122.579796,30.8179125
Kathryn Boyer,42,20100 Reilly Turnpike,Michaelbury,North Carolina,21451,10.101271,-77.438543
Victor Curtis,29,2890 Arroyo Forks,New David,Pennsylvania,32731,18.378238,4.044936
Ryan Morales,37,29702 William Path,Justinchester,New Hampshire,91558,-114.986100,34.7095165
Michael Schultz,42,32192 Andrews Wall Apt. 884,Port Kristin,Michigan,76695,22.028001,72.0521535
Michael Hamilton,38,334 Beverly Lights,Matthewtown,South Carolina,03066,27.244096,-38.498948
Jason Jones,43,1743 Rivera Ridges Suite 950,North Thomas,North Dakota,66817,-96.041451,18.4703805
Erin Rasmussen,50,37883 Cassie Well,Christophershire,West Virginia,01103,-111.187640,-21.5081045
Corey Delacruz,50,93036 Adrian Pike,Mossshire,Florida,88248,112.974279,21.781830
Mikayla Phelps,33,8038 Mary Court,Port Sarah,Illinois,07014,169.638330,-56.228035
Rebecca Burke,64,57008 Cummings Court Apt. 038,Jenkinsport,Florida,46547,-143.719687,-79.3018785
Jeremy Diaz,23,941 Wilson Mill Apt. 834,North Elizabethbury,Wisconsin,23290,-95.842504,30.2698825
Mark Solis,50,3144 Sanford Glen Suite 618,Tanyafurt,Alabama,09385,121.659974,43.074692
Melissa Jackson,24,4630 Garcia Ranch,North Christy,Oregon,74208,79.176083,-22.4846525
Amber Wong,71,23940 Torres Isle Apt. 010,West Christine,Oklahoma,44248,105.637910,-13.790870
Tina Soto,50,8164 Williams Greens,Danielchester,Virginia,97455,16.769190,54.343645
Richard Butler,27,76651 Stone Cape Suite 153,Lake Melvin,North Dakota,11256,67.466636,4.314433
Ashley Ferguson,71,965 Steven Island,Port Joshuaberg,New Jersey,90071,60.096182,-54.971058
Emily Davis,43,41940 Ashley Island,Smithbury,Montana,30791,26.677051,55.512159
Lisa Foster,50,51131 Steve Lake Suite 903,North Suemouth,Virginia,74829,-146.163873,-72.9531685
Erin Taylor,38,33016 Curtis Corner Suite 192,West Danielfurt,Hawaii,46391,169.626695,83.712570
Justin Dunlap,66,056 Hancock Overpass Suite 029,Clintonfort,Ohio,76446,-114.820498,-17.361510
Richard Schaefer,53,789 Shane Ways Apt. 030,Jackmouth,Delaware,48887,-159.554853,-37.5772845
Jordan Luna,79,6148 Geoffrey Crest,East Russellside,Nebraska,37146,-140.852432,-0.218269
Jay Daniel,42,131 Matthew Unions,Williamberg,South Carolina,49394,-144.015505,-72.949126
Danielle Bowen,34,6435 Jasmin Landing,West Timothystad,West Virginia,42060,104.031428,77.799742
Stacey Lloyd,64,541 Tommy Crest Suite 841,North Casey,Delaware,27018,-94.682598,-43.650579
Douglas Williams,76,097 Brandon Circle Apt. 726,West Jerryborough,Idaho,88134,-177.891381,42.1085625
Adam Bradford,26,971 Christopher Burg Apt. 925,New Rebecca,Nebraska,44876,-84.317383,-44.2364085
Amy Estrada,36,1958 Robert Mountain,Elliottshire,Nevada,43048,-102.637389,-18.745747
Jennifer Ramirez,26,4088 Mcknight Estate,Muellerfort,California,20393,24.836674,-67.750167
Lee Marshall,50,609 Douglas Forges,Port Chase,New Hampshire,35255,134.810769,-0.390281
Katherine Schultz,56,95727 Gomez Light,North Melinda,Delaware,36006,-40.586446,56.493667
Leslie Matthews,33,1255 Joe Landing Apt. 798,South Justinhaven,Wisconsin,52253,-118.505133,42.9981115
Shannon Duran,18,52248 Fisher Ramp Suite 444,Nelsonview,Idaho,23493,14.572675,-37.438596
Anna Torres,46,9580 Jonathan Mount Apt. 733,Paulburgh,Wisconsin,72508,1.128443,37.157912
Jason Bailey,41,55554 Cummings Cove,East Edwardhaven,Michigan,42755,-52.249323,-30.9543325
Vickie Chavez,79,138 Williams Squares Apt. 511,New Meganland,Kentucky,57727,145.459369,82.9810585
David Wheeler,46,4155 Sanchez River,Brandtside,Wisconsin,94315,30.624510,-19.314999
Ronald Tran,70,01308 Terri Burgs Suite 445,Choiside,Louisiana,70050,38.328821,73.8335705
Kevin Perkins,18,95809 Carrillo Courts Suite 088,Lake Michealmouth,Oregon,43739,99.441078,53.2720005
Thomas Hayes,79,921 Thomas Divide,Kimfort,Mississippi,71961,49.586760,13.5138135
Isaac Gross,80,582 Wilson Green Apt. 873,Zamoraport,Oregon,61019,90.081486,54.6574735
Nathaniel Clark,62,222 Kenneth Cape,North Susan,Illinois,37438,69.094505,79.7484545
Kaitlyn White,48,343 Jill Mission Suite 066,Jesusland,Louisiana,68864,-160.584104,83.744090
Steven Turner,56,67471 Lucas Ranch Suite 481,South Alanside,West Virginia,63089,52.164487,5.5456185
David Shah,72,3665 Walker Loaf,Vincentborough,Arkansas,81984,177.129803,84.2407625
Erica Lopez,41,9741 Griffin Mountain Suite 645,Port Jason,Washington,57020,-144.279146,-22.2967575
Jason Moore,66,965 Shawn Drive Apt. 254,Port Kimberly,Hawaii,64509,-128.484353,11.5439865
Diana Richards,21,920 Daniel Highway Apt. 031,Lake Kylechester,New Mexico,14783,-132.998064,-67.9637075
Frank Scott,61,47874 Edwards River Suite 554,East Megan,South Carolina,06353,-117.240582,83.952901
Virginia Wilson,46,123 Walter Skyway Apt. 885,West Christinetown,Iowa,34588,170.125497,-80.391777
Michael Fox,28,234 Eric Trail,East Crystal,Rhode Island,00936,-100.705956,-24.154811
Zachary Rivera,28,492 Nancy Mountains,Mooreland,South Carolina,03681,-57.555026,-75.9931015
Kevin Dean,32,4146 Green Glen Suite 673,West Randy,Utah,46188,-171.922895,-17.8212085
Ruth Davis,71,92565 Crawford Crest,Sanchezstad,New Mexico,15355,127.216154,23.3792635
Robert Osborne,18,793 Amy Lakes Apt. 773,West Eileen,Illinois,76586,148.996117,26.1617125
Nicholas Rodriguez,44,470 Aaron Spring Apt. 909,New Vanessashire,Idaho,26511,-144.105321,89.445420
Karen Aguilar,69,4849 Lewis Grove Apt. 403,Glenntown,Minnesota,23133,54.588777,57.2870435
Douglas Collins,57,2895 Nguyen Walks Suite 934,East Anthony,Ohio,74508,-51.933936,39.7147475
Matthew Black,66,3588 Frank Lights Apt. 595,East Kelly,Michigan,56202,152.217850,-28.297022
Kristen Conrad,68,306 Holly Fields,Henryhaven,Georgia,82732,47.893636,42.823426
Taylor Johns,60,784 Moss Parkways Suite 007,South Frank,New Jersey,05320,-80.411707,-83.552988
Emily Nelson,40,126 Kerry Knoll Apt. 146,East Kelly,Texas,29014,-90.853353,-13.1541745
Samantha Bauer,56,464 Velasquez Islands Suite 512,New Josephmouth,Arkansas,32558,134.824487,25.2514985
William Blackburn,18,664 Smith Canyon Apt. 602,Escobarview,Idaho,41488,-17.987244,6.6794755
Jessica Villa,37,7615 Christine Meadows Suite 869,Robertport,Kentucky,11701,113.765224,-39.7213225
Crystal Gordon,73,78152 Maria Burg,West Jennifershire,Vermont,33987,175.535240,-45.6531035
Stephanie Davis,61,8545 Justin Camp Apt. 953,Huffshire,Georgia,57816,-96.140595,28.711819
Caroline Scott,63,45829 Maria Camp Apt. 504,Staffordfort,Delaware,35528,-121.435900,-3.924632
Amanda Reynolds,69,0861 Tony Courts Suite 318,Robbinschester,Oklahoma,91388,-60.392817,23.8034445
Kaylee Keller,43,79674 Rhonda Islands Suite 377,Markhaven,Kansas,58158,-16.361678,4.9722385
Lisa Elliott,36,4668 Joseph Parkways,New Melissa,New York,39487,53.442945,-25.354284
Bob Kent,40,64494 Jack Pike Suite 310,Lake Roy,Nevada,84575,-88.561771,-49.3586385
Mary Guzman,68,1123 Robert Centers Apt. 923,South Toddside,Arkansas,04389,-68.021622,5.6345295
Stacy Brown,54,6629 Dodson Rapid,North Cody,Washington,59780,-84.590977,-72.096753
Karen Holt,18,90154 Rodriguez Ramp,Pratthaven,Wisconsin,92687,89.746030,-57.756591
Jennifer Acosta,80,238 Alan Ridges,Hammondview,South Dakota,11162,-9.418858,66.533938
Christine Rice,48,530 Lindsey Way Apt. 025,Williamsshire,West Virginia,86080,145.234398,-73.8236205
Eileen Keller,34,229 Fowler Inlet,North Wesley,North Carolina,39415,-179.562536,-83.5683905
Debra Mcbride,28,462 Williams Drive,North Jacobside,Montana,87621,-150.676814,22.007499
Robert Adams,78,396 Diana Islands,Port Brittany,Maryland,57106,173.034091,33.5857345
Michael Johnson,29,3824 Dwayne Prairie Apt. 654,Port Annahaven,Michigan,13796,58.139894,-62.0199365
Pedro Fox,64,058 Christopher Turnpike,Lake Michaelborough,Florida,07696,-168.106780,-69.222765
Jeffrey Kelly,26,6332 Amanda Cliffs,Port Kristie,New Hampshire,96079,-130.050241,36.718103
Corey Smith,25,5785 Wade Brooks,Tomhaven,Arkansas,24398,-133.398775,-40.800152
Barbara Hall,36,677 Jason Views,East Dustin,New Mexico,13601,179.308906,-58.119952
Anthony Kelly,35,82002 Robert Street Suite 584,New Johnny,Kentucky,60778,26.192387,34.153667
Leslie Frye,46,6221 Anna Trace Apt. 074,Lake Jacobland,Minnesota,72789,-128.033521,-70.6140335
Douglas Jackson,80,769 Knight Well Suite 577,New Samuelborough,Pennsylvania,88866,-34.124866,-32.0290175
Colin Boyd,45,48908 Crystal Plains,Kristyhaven,Connecticut,79007,47.862662,41.8562525
Betty Vance,33,120 Gonzalez Mountain Apt. 732,New Robert,New Jersey,54512,61.442601,-28.7587745
Daniel Mejia,27,6888 Todd Park,Bowerston,Alabama,76346,-65.478721,65.798653
Kenneth Anthony,37,47962 Johnson Squares Suite 950,New John,Nebraska,69090,102.586230,33.226847
Gary Goodwin,18,7239 Grant Mountains Suite 301,Port Kelly,Virginia,65744,-69.099185,-4.974771
Jennifer Campos,42,0658 Lisa Trail,Lopezbury,Tennessee,02264,67.739395,-54.017466
Brooke Farrell,77,5353 Cassandra Burgs,Kimberlymouth,Ohio,81453,113.222933,-11.761174
Janet Harris,77,936 Farley Shoal,Port Patricia,Oklahoma,66558,51.061867,78.877963
Matthew Rivera,19,88368 Frazier Village Apt. 212,Port Darryl,Maine,65804,38.798187,65.3524725
Michael Gonzalez,28,3891 Wesley Divide Apt. 222,Danielsborough,Florida,25364,160.991024,-75.2417005
Stacy Blackwell,40,5722 Hubbard Burgs,East Joannstad,South Dakota,58749,139.469607,-24.165097
Colleen Washington,80,15393 Smith Tunnel Apt. 290,Oscarstad,South Dakota,18664,66.897006,63.2992965
Sara Small,52,039 Teresa Villages Suite 138,Johnberg,New Hampshire,02941,9.196701,22.517588
Sheena Figueroa,25,142 Craig Course Suite 487,New Gregside,North Dakota,85584,133.755219,-9.4354225
Jennifer Roth,33,58351 Suzanne Islands,Allenland,Maryland,09034,-5.641001,18.702491
Kristy Hopkins,43,17689 Anderson Estate,Cynthiamouth,Pennsylvania,35714,10.143794,-32.6519335
Anthony Harris,46,06704 Frazier Green Apt. 387,Port Ryanhaven,Alaska,23214,-113.972890,-76.489326
Andrea Barron,41,8035 Medina Street,Laurenhaven,New Mexico,89684,162.081225,49.714104
Richard Thomas,50,9145 Patterson Motorway,Port Kevin,Hawaii,04139,-29.211199,80.4709915
Blake Thompson,54,76287 Barker Junctions,South David,Kansas,44360,131.431689,65.391978
Christopher Price,78,13595 Sullivan Club Apt. 316,East Tina,Massachusetts,84552,-55.435149,33.698746
John Bates,67,4504 Samantha Inlet,East Judyhaven,Louisiana,23282,-61.382784,4.284037
Mary Rodriguez,32,5450 Mark Mountains,Fisherhaven,Iowa,10987,-121.965369,87.7445945
Kristopher Ramirez,45,64538 Daniel Harbors Apt. 450,East Jerry,Tennessee,55141,98.533153,-18.2277075
Zachary Hudson,59,993 Myers Squares Apt. 331,Thompsonhaven,Oregon,28380,-67.153035,-42.5478625
April Buchanan,36,6791 Powell Ways Apt. 669,Stephaniebury,Vermont,63718,-51.850117,-43.046174
Christopher Huffman,60,3023 Patrick Terrace Suite 898,Lake Jeffreyberg,Mississippi,48544,-50.983041,-40.119948
Kaylee Gonzalez,49,150 Kimberly Meadow,East Stephanie,Arizona,84027,-148.560000,-11.5490905
Ray Hicks,49,191 Tina Cape Suite 794,Ortegashire,Minnesota,29922,-156.235484,52.683195
Stephanie Wilson,25,39848 Gross Well,Cynthiamouth,North Dakota,29576,123.299771,-59.6632565
Pamela Vance,46,974 Little Summit Suite 193,Priceville,Massachusetts,37371,84.128823,-30.964062
Ricky Sanchez,55,367 John Parkways Suite 914,Lake Marissa,Missouri,29907,-136.669813,4.5843245
Amanda Holder,42,082 Sherry Ville Apt. 300,Lake Derrick,South Dakota,38718,61.316472,-22.8632515
Linda Gibbs,61,25041 Brown Locks,New Danieltown,New Hampshire,62188,-176.270103,-46.0006005
Ruben White,73,126 Carter Heights,Hallchester,Colorado,19301,117.891109,-34.3369005
Scott Fields,48,11093 Larry Gardens,East Donna,Wisconsin,85093,-169.244461,49.1339185
